ProdTaken,Age,TypeofContact,CityTier,DurationOfPitch,Occupation,Gender,NumberOfPersonVisiting,NumberOfFollowups,ProductPitched,PreferredPropertyStar,MaritalStatus,NumberOfTrips,Passport,PitchSatisfactionScore,OwnCar,NumberOfChildrenVisiting,Designation,MonthlyIncome
0,55.0,1,1,17.0,3,0,4,4,1,5,3,8,1,1,0,1,2,23118.0
0,39.0,1,1,9.0,2,1,3,4,0,3,3,7,1,4,0,2,1,22622.0
0,42.0,0,2,8.0,3,1,3,1,1,5,0,1,0,2,0,2,2,21272.0
0,37.0,1,1,12.0,2,0,3,5,0,5,0,2,1,2,1,1,1,98678.0
0,23.0,1,1,7.0,2,1,3,5,1,3,0,8,0,2,1,1,2,23453.0
0,33.0,0,1,31.0,2,1,4,4,1,3,0,3,0,4,1,1,2,23987.0
0,38.0,1,1,24.0,3,1,2,5,1,3,1,4,1,5,0,1,2,20811.0
0,60.0,1,1,9.0,2,0,4,5,4,3,2,5,1,5,0,3,0,32404.0
0,53.0,0,3,8.0,3,0,2,4,3,4,1,3,0,1,1,0,3,22525.0
0,37.0,1,1,33.0,2,1,4,4,1,3,1,8,0,3,1,1,2,24025.0
0,60.0,0,3,34.0,3,0,3,4,3,5,1,5,0,1,1,0,3,25266.0
0,43.0,1,1,36.0,3,1,3,6,1,3,3,6,0,3,1,2,2,22950.0
0,35.0,1,1,22.0,3,1,2,1,0,4,1,1,0,4,1,1,1,17426.0
0,43.0,1,1,10.0,2,0,4,2,1,3,1,4,1,5,1,1,2,23909.0
0,52.0,0,1,34.0,3,0,2,1,4,3,0,3,1,4,0,0,0,28247.0
1,59.0,0,1,9.0,2,1,3,5,0,3,1,2,1,2,0,1,1,21058.0
0,36.0,1,1,33.0,3,1,3,3,1,3,0,7,0,3,1,0,2,20237.0
0,29.0,0,1,23.0,3,1,3,4,0,3,2,3,0,3,0,1,1,20822.0
0,37.0,1,1,16.0,3,1,3,5,1,4,1,4,1,4,0,2,2,27525.0
0,38.0,1,1,8.0,2,1,2,3,1,3,0,1,0,2,0,1,2,21553.0
1,31.0,0,3,6.0,2,0,2,5,0,3,2,2,0,3,1,1,1,16359.0
0,46.0,1,3,16.0,3,1,4,4,3,5,1,6,1,2,1,1,3,29439.0
1,41.0,1,3,14.0,3,1,3,4,0,4,3,3,0,5,0,1,1,23339.0
1,35.0,1,1,13.0,2,1,3,3,0,4,2,2,1,3,1,1,1,20363.0
0,29.0,1,3,16.0,2,1,3,3,0,3,2,2,0,4,1,0,1,17642.0
0,51.0,1,3,27.0,3,1,3,3,1,3,2,1,1,5,0,2,2,20441.0
0,39.0,1,1,6.0,3,1,2,2,3,3,1,1,0,3,1,0,3,24613.0
0,37.0,1,3,22.0,3,1,3,4,1,3,1,5,0,5,1,2,2,21334.0
0,33.0,0,3,23.0,2,1,2,3,4,3,2,2,0,3,1,1,0,32444.0
0,51.0,0,3,19.0,3,0,4,4,3,3,3,6,0,5,1,3,3,27886.0
0,42.0,1,1,12.0,2,1,3,2,1,4,3,5,0,5,1,1,2,25548.0
0,33.0,1,3,15.0,1,0,4,5,1,4,0,3,1,2,1,1,2,23906.0
0,30.0,0,1,17.0,2,0,4,4,0,4,1,2,0,5,1,1,1,21969.0
0,41.0,1,3,7.0,3,1,3,6,1,3,0,4,1,3,1,1,2,26135.0
0,38.0,0,1,12.0,1,1,3,2,0,3,3,2,0,5,1,1,1,22178.0
0,28.0,0,3,9.0,2,1,3,6,1,3,3,5,0,4,1,2,2,23749.0
0,27.0,1,1,24.0,3,1,4,6,0,3,1,3,0,3,0,3,1,20983.0
0,27.0,1,1,11.0,2,0,2,3,0,4,2,2,1,3,0,1,1,17478.0
0,24.0,1,1,11.0,3,1,3,2,0,5,1,4,0,4,0,2,1,21497.0
0,34.0,0,1,22.0,2,0,3,4,0,3,2,2,0,5,1,2,1,17553.0
1,37.0,1,3,17.0,3,1,3,5,3,5,1,2,0,5,0,1,3,25772.0
0,34.0,0,1,7.0,3,1,3,4,1,5,2,1,0,1,0,0,2,20343.0
1,30.0,0,3,32.0,3,0,2,4,1,5,3,6,0,2,0,1,2,21696.0
0,27.0,1,1,23.0,1,1,2,3,0,4,1,1,1,4,0,0,1,18058.0
0,36.0,1,1,9.0,2,1,3,5,3,4,1,4,0,4,1,1,3,28952.0
0,40.0,1,1,30.0,1,1,3,3,1,3,1,2,0,3,1,1,2,18319.0
0,38.0,1,1,7.0,1,0,3,4,3,3,3,6,0,5,1,2,3,26169.0
1,33.0,1,3,9.0,3,1,3,5,1,4,2,2,1,1,1,1,2,28585.0
0,30.0,1,1,16.0,2,1,2,5,0,3,3,2,0,1,1,1,1,22661.0
0,52.0,1,1,6.0,2,1,3,3,4,3,1,3,0,1,1,2,0,32099.0
1,33.0,1,3,7.0,2,1,3,6,1,4,3,8,0,3,0,2,2,25413.0
1,20.0,0,1,17.0,3,0,4,5,0,4,2,3,1,5,0,3,1,20537.0
0,38.0,0,1,29.0,2,1,2,4,3,3,3,1,0,3,0,0,3,24526.0
0,31.0,1,1,17.0,2,1,2,3,0,3,1,4,1,3,0,0,1,17356.0
1,52.0,1,1,11.0,2,1,3,4,0,3,0,2,1,2,1,2,1,21139.0
0,39.0,1,1,10.0,1,0,3,4,1,3,3,5,1,5,1,1,2,22995.0
0,40.0,1,3,11.0,2,0,3,5,1,3,1,6,0,5,1,2,2,24580.0
0,26.0,1,1,26.0,3,1,4,4,0,3,0,5,0,5,1,3,1,22347.0
1,47.0,0,3,15.0,2,1,2,5,4,3,1,1,0,5,1,1,0,27936.0
0,28.0,1,3,16.0,3,1,3,3,0,4,1,2,0,5,0,2,1,16052.0
1,19.0,0,1,15.0,3,1,4,4,0,3,2,3,0,5,0,1,1,20582.0
0,52.0,1,3,9.0,3,1,2,4,4,5,1,2,0,5,1,0,0,31856.0
1,20.0,0,3,7.0,1,0,4,6,0,5,2,2,0,3,1,2,1,21003.0
0,43.0,1,3,15.0,3,1,3,4,1,4,0,2,0,3,0,2,2,25503.0
0,30.0,1,1,8.0,2,0,4,4,0,3,1,3,0,1,1,3,1,22438.0
1,51.0,0,3,7.0,2,1,4,4,1,3,1,2,0,3,1,2,2,25406.0
0,41.0,0,1,16.0,2,1,4,5,1,3,1,2,0,5,0,2,2,23554.0
0,33.0,0,3,15.0,3,0,3,4,3,3,3,3,0,4,1,2,3,27676.0
0,22.0,0,3,16.0,3,1,3,4,0,3,3,3,0,4,0,1,1,21288.0
0,40.0,1,1,16.0,2,0,2,1,0,3,1,4,1,3,0,1,1,17213.0
0,53.0,1,3,6.0,3,0,2,3,1,5,3,1,0,1,1,1,2,23381.0
1,29.0,0,1,9.0,3,1,3,5,0,5,2,2,0,4,0,1,1,21239.0
0,44.0,0,1,16.0,3,1,4,4,1,3,1,5,1,3,1,3,2,24357.0
0,23.0,1,1,13.0,3,1,4,4,0,3,0,2,0,2,1,1,1,21451.0
0,43.0,1,1,36.0,3,1,3,6,1,3,3,6,0,3,1,1,2,22950.0
0,33.0,0,3,23.0,2,1,2,3,4,3,2,2,0,3,1,0,0,32444.0
0,37.0,0,3,7.0,3,0,3,4,1,3,3,6,0,1,1,2,2,25331.0
0,37.0,1,1,16.0,2,0,2,1,3,3,1,2,1,1,0,1,3,28744.0
1,40.0,1,3,10.0,3,0,3,4,1,3,1,6,1,4,1,2,2,23916.0
0,36.0,1,1,7.0,2,0,3,2,0,3,2,5,0,3,1,2,1,21184.0
0,50.0,1,1,23.0,3,0,4,4,0,5,1,6,1,1,1,2,1,21265.0
1,21.0,0,3,6.0,1,0,3,4,0,4,2,2,1,5,1,2,1,17174.0
1,28.0,1,3,9.0,3,0,4,6,2,4,2,4,1,5,1,2,4,21195.0
0,52.0,1,1,15.0,2,1,3,5,3,4,0,7,0,3,1,2,3,31168.0
1,40.0,1,1,14.0,3,1,3,4,0,3,3,2,1,4,1,2,1,24094.0
0,29.0,1,1,12.0,3,0,2,3,0,3,1,2,0,3,0,1,1,18131.0
0,35.0,0,1,17.0,3,1,3,4,3,5,0,3,1,5,1,1,3,24884.0
0,38.0,1,3,13.0,3,1,4,4,1,3,1,6,0,3,1,1,2,25180.0
0,51.0,0,1,6.0,3,0,1,4,3,5,3,4,0,2,1,0,3,22484.0
0,22.0,0,3,16.0,3,1,3,4,0,3,3,3,0,4,1,1,1,21288.0
0,36.0,1,2,19.0,2,1,2,3,0,4,1,5,0,3,1,1,1,17143.0
0,31.0,1,1,17.0,3,1,3,3,1,5,1,2,1,1,1,1,2,21833.0
0,28.0,1,3,16.0,3,1,3,4,1,3,3,3,0,1,0,2,2,22783.0
0,50.0,1,1,7.0,1,0,3,5,4,3,2,2,1,3,0,1,0,32642.0
0,28.0,1,1,13.0,2,1,3,5,0,3,1,3,0,1,1,2,1,21217.0
0,40.0,1,1,14.0,2,0,3,3,1,5,1,3,1,1,0,0,2,21516.0
0,29.0,1,1,21.0,2,1,2,3,0,3,2,2,0,3,0,0,1,17340.0
0,40.0,1,1,17.0,3,1,4,4,3,3,2,2,0,3,1,1,3,32142.0
0,29.0,0,1,7.0,3,1,3,4,0,3,2,2,1,4,0,1,1,20832.0
0,31.0,1,1,8.0,3,1,4,4,0,4,1,2,1,4,1,3,1,22257.0
0,41.0,1,1,15.0,2,1,3,3,0,5,0,3,0,2,0,2,1,17238.0
1,31.0,0,3,8.0,2,0,2,4,0,3,2,1,0,5,0,1,1,17785.0
0,21.0,1,1,7.0,2,0,3,5,0,4,3,3,0,4,1,1,1,21514.0
0,42.0,1,3,15.0,3,0,3,4,1,4,1,7,0,3,1,2,2,23071.0
0,29.0,1,3,12.0,3,1,4,4,1,3,3,3,0,3,0,2,2,23586.0
0,54.0,0,1,7.0,3,0,3,5,4,3,1,6,1,1,0,1,0,31643.0
0,59.0,0,2,8.0,2,0,2,4,2,3,0,1,0,2,1,1,4,33844.0
0,51.0,1,1,6.0,2,1,3,3,0,3,0,2,0,4,1,0,1,17723.0
1,32.0,0,1,27.0,2,1,4,4,3,3,0,5,0,3,1,1,3,28502.0
0,37.0,0,3,15.0,1,1,3,4,1,3,1,6,0,3,1,2,2,23757.0
0,56.0,0,3,12.0,2,0,2,2,4,5,0,1,0,3,1,0,0,28212.0
0,60.0,1,1,13.0,2,0,2,3,2,5,1,6,0,5,1,0,4,34566.0
1,30.0,1,1,25.0,3,1,3,5,0,3,2,3,1,3,0,2,1,21067.0
0,30.0,1,1,35.0,3,0,4,5,0,5,3,3,0,1,0,2,1,22463.0
0,47.0,1,2,12.0,3,1,4,4,1,4,1,2,1,5,1,3,2,23699.0
0,37.0,0,3,17.0,3,1,3,4,3,3,2,3,0,1,1,2,3,28658.0
0,29.0,1,1,28.0,3,1,3,4,0,3,1,3,0,1,0,1,1,21391.0
0,36.0,1,1,7.0,3,1,2,5,0,3,3,3,0,4,1,1,1,21537.0
0,23.0,1,1,16.0,1,1,2,1,0,3,1,3,0,1,1,0,1,17073.0
0,32.0,1,1,15.0,2,0,4,4,1,3,3,3,0,5,0,2,2,23102.0
0,41.0,0,1,9.0,3,0,3,2,1,4,1,3,0,3,0,1,2,22922.0
0,34.0,1,1,7.0,2,1,4,5,0,5,3,5,1,4,0,1,1,21477.0
0,37.0,1,1,7.0,2,0,3,4,1,4,1,2,0,5,1,2,2,23906.0
0,36.0,1,1,14.0,1,0,2,3,3,3,1,2,0,4,1,1,3,25096.0
0,33.0,0,3,11.0,2,1,3,3,1,3,0,7,0,1,1,2,2,24998.0
0,37.0,0,1,25.0,2,1,3,2,0,3,1,6,0,5,1,2,1,22366.0
0,55.0,1,1,24.0,1,0,3,4,3,3,0,2,0,5,1,1,3,29417.0
0,32.0,1,1,33.0,2,1,3,4,0,3,1,3,0,3,1,2,1,21589.0
0,45.0,1,1,13.0,2,1,2,3,3,5,1,3,0,3,1,1,3,24724.0
0,50.0,1,1,32.0,2,0,3,4,0,5,1,3,0,3,0,1,1,21889.0
1,20.0,1,3,28.0,2,1,3,5,0,4,2,3,1,2,0,2,1,20799.0
0,35.0,1,1,14.0,2,1,2,1,0,3,1,2,0,5,1,1,1,17269.0
0,35.0,1,3,6.0,3,1,3,3,3,4,1,2,0,4,0,0,3,22295.0
0,54.0,1,1,25.0,3,0,3,3,1,5,1,1,1,3,0,2,2,20485.0
0,33.0,1,1,27.0,3,1,3,1,0,4,1,2,0,1,1,1,1,17028.0
0,36.0,0,1,7.0,3,1,4,4,0,5,1,6,0,1,0,2,1,20872.0
0,37.0,1,1,10.0,2,0,3,4,0,3,1,7,0,2,1,1,1,21513.0
1,24.0,0,3,16.0,3,1,3,4,0,5,1,3,0,5,1,1,1,20468.0
0,40.0,1,3,16.0,3,1,3,4,3,4,1,3,0,4,0,0,3,24705.0
0,30.0,1,3,21.0,3,1,3,4,3,5,1,3,0,1,0,2,3,22140.0
0,36.0,0,1,15.0,2,0,3,4,1,3,1,3,0,5,1,2,2,22826.0
0,61.0,0,3,35.0,3,0,4,5,3,5,1,6,0,1,1,1,3,28944.0
0,56.0,1,1,9.0,1,1,4,5,0,3,1,2,0,5,0,1,1,21340.0
1,27.0,1,3,11.0,3,1,3,5,1,3,3,3,1,1,1,1,2,24506.0
0,36.0,1,3,7.0,3,0,4,4,1,3,3,3,0,4,1,1,2,23537.0
0,35.0,1,1,33.0,3,0,2,4,0,5,2,2,0,4,1,1,1,17559.0
1,30.0,1,3,7.0,3,0,3,5,0,3,1,8,1,2,0,2,1,21478.0
0,57.0,0,1,7.0,2,1,3,4,1,3,1,3,0,3,0,1,2,24984.0
0,28.0,1,1,7.0,2,0,4,4,3,5,1,3,0,4,0,3,3,26090.0
0,38.0,1,3,9.0,2,1,3,3,3,3,1,1,0,1,1,1,3,25609.0
1,34.0,1,1,17.0,3,1,3,6,0,3,1,2,0,5,0,1,1,22086.0
0,60.0,1,1,10.0,3,0,3,2,0,5,1,6,1,1,0,2,1,21348.0
0,30.0,1,3,16.0,3,1,3,4,1,3,1,2,0,1,0,1,2,21578.0
0,33.0,1,1,11.0,2,0,4,5,1,3,0,3,0,4,1,1,2,24840.0
0,26.0,1,3,20.0,3,1,3,4,0,3,0,3,0,3,1,1,1,20774.0
0,38.0,1,1,17.0,3,0,4,4,0,4,1,3,0,1,1,1,1,22614.0
1,48.0,1,3,8.0,3,1,2,4,1,4,3,1,1,1,1,0,2,22898.0
0,21.0,1,3,16.0,2,1,3,4,0,5,3,3,0,1,0,2,1,21406.0
0,28.0,1,1,9.0,3,1,3,4,0,4,1,2,0,5,1,2,1,22146.0
0,29.0,1,1,36.0,2,1,4,6,1,4,0,3,0,1,1,3,2,25227.0
1,41.0,1,2,25.0,2,1,3,2,0,5,1,2,0,1,1,2,1,21065.0
1,35.0,1,3,16.0,3,1,3,4,3,3,1,6,0,3,1,2,3,23168.0
1,57.0,1,1,31.0,2,1,4,4,0,3,2,3,0,3,0,1,1,21265.0
0,35.0,1,1,13.0,2,1,3,4,0,3,1,2,0,3,1,0,1,17690.0
1,30.0,1,1,9.0,1,0,2,3,0,5,2,6,1,4,1,1,1,17657.0
0,39.0,0,2,7.0,2,1,3,4,0,4,1,2,1,1,1,2,1,21669.0
0,27.0,1,1,8.0,2,0,2,3,0,5,1,2,0,3,0,1,1,17341.0
0,34.0,1,1,14.0,3,0,3,3,1,3,2,4,0,4,1,1,2,21142.0
1,32.0,0,1,36.0,3,1,4,5,0,4,3,2,0,3,0,3,1,22157.0
0,38.0,1,1,6.0,2,0,2,2,1,3,3,1,0,2,1,1,2,22625.0
0,37.0,1,3,9.0,2,1,2,3,3,3,3,3,0,3,0,1,3,22428.0
0,47.0,1,1,9.0,1,1,3,4,1,3,1,4,0,1,0,1,2,26057.0
1,58.0,1,1,29.0,3,0,3,3,3,3,0,2,0,3,1,0,3,25312.0
0,43.0,0,1,13.0,3,1,2,2,0,3,1,5,0,4,0,1,1,17089.0
0,48.0,1,3,9.0,3,0,3,4,1,3,0,2,1,2,1,1,2,23215.0
0,56.0,1,1,11.0,2,1,2,4,1,3,0,2,1,4,0,1,2,22713.0
0,40.0,1,1,30.0,1,1,3,3,1,3,1,2,0,3,1,1,2,18319.0
0,42.0,1,1,23.0,2,0,2,1,1,5,3,4,1,1,1,1,2,21545.0
0,40.0,1,3,15.0,3,1,2,3,1,5,1,1,0,3,1,1,2,20473.0
0,39.0,1,2,7.0,2,1,3,2,0,3,1,3,0,4,1,1,1,21522.0
0,29.0,1,1,34.0,2,0,3,3,0,3,1,5,0,5,1,0,1,17514.0
1,41.0,1,1,15.0,3,1,4,5,0,3,3,3,1,4,1,3,1,27772.0
0,50.0,1,1,16.0,1,1,3,4,3,3,3,7,0,5,0,2,3,25496.0
0,26.0,1,3,35.0,2,1,3,5,1,3,1,4,0,4,1,2,2,27317.0
0,37.0,0,1,17.0,2,1,2,3,3,3,1,2,1,3,1,1,3,27185.0
0,33.0,1,1,10.0,3,0,4,4,1,5,0,3,0,2,1,2,2,25403.0
0,30.0,1,3,14.0,2,1,3,3,3,3,1,6,0,3,1,0,3,22264.0
0,28.0,1,1,26.0,2,1,4,5,0,5,1,3,0,1,0,1,1,22744.0
1,41.0,0,3,15.0,2,1,2,5,4,3,1,1,0,5,1,1,0,21151.0
1,58.0,1,1,13.0,3,0,2,4,3,5,0,1,1,4,1,0,3,25008.0
0,45.0,1,1,15.0,2,1,4,2,0,3,1,4,1,3,1,1,1,21496.0
0,29.0,1,1,13.0,3,0,3,4,0,3,1,7,0,5,1,0,1,17532.0
0,35.0,1,3,9.0,2,1,3,4,1,3,3,3,0,5,0,1,2,24952.0
0,25.0,1,1,24.0,3,0,3,5,1,3,1,3,0,3,1,2,2,23055.0
0,28.0,0,3,27.0,2,0,3,4,1,3,2,3,0,1,1,2,2,28659.0
0,40.0,0,3,11.0,2,1,2,4,3,5,1,6,1,5,0,0,3,25475.0
0,30.0,1,3,8.0,1,1,3,3,0,4,1,2,0,3,1,0,1,17476.0
0,38.0,0,3,16.0,1,0,2,3,1,3,2,2,1,3,1,0,2,20666.0
1,30.0,1,1,15.0,2,1,4,6,0,5,1,3,1,3,0,2,1,20797.0
0,36.0,1,1,15.0,2,1,3,3,0,3,0,3,0,5,1,2,1,20947.0
0,42.0,1,1,10.0,1,1,2,3,2,3,1,2,0,1,0,0,4,34232.0
0,32.0,1,1,14.0,2,1,3,4,1,3,1,5,0,3,1,1,2,24593.0
0,39.0,1,1,6.0,3,0,3,3,0,3,1,1,0,3,1,0,1,17232.0
0,36.0,0,3,25.0,2,1,4,4,3,5,0,3,0,4,1,1,3,27747.0
1,27.0,0,1,12.0,3,0,3,5,0,3,0,3,1,2,0,2,1,21044.0
0,35.0,0,3,14.0,3,0,3,4,3,3,1,5,1,5,1,2,3,25377.0
0,32.0,0,3,9.0,2,0,3,4,3,3,1,3,1,1,1,1,3,28530.0
0,35.0,1,1,34.0,3,0,4,4,0,4,2,4,0,3,1,1,1,20989.0
0,37.0,1,3,7.0,2,1,3,4,1,3,1,3,1,3,1,2,2,24879.0
0,38.0,0,3,11.0,3,1,3,4,0,3,1,6,0,4,1,1,1,21471.0
0,54.0,1,1,9.0,2,1,2,3,4,3,1,4,0,5,0,0,0,32779.0
0,42.0,0,1,9.0,2,0,4,5,1,3,3,4,1,2,0,1,2,25489.0
0,39.0,1,1,25.0,3,1,3,6,1,3,1,5,1,5,0,2,2,24489.0
0,37.0,0,1,16.0,2,1,4,2,0,4,1,3,0,5,1,1,1,21488.0
0,28.0,1,1,6.0,1,1,2,3,0,5,2,3,0,4,0,0,1,17080.0
1,24.0,1,3,6.0,1,0,3,3,0,4,2,2,1,4,1,2,1,18202.0
0,49.0,0,1,24.0,2,1,3,3,1,3,1,2,1,1,0,0,2,21804.0
0,20.0,1,1,16.0,2,1,3,4,0,5,2,3,0,3,0,2,1,21230.0
1,36.0,1,1,30.0,2,1,3,5,1,3,1,5,1,4,1,1,2,24594.0
1,30.0,1,1,7.0,3,1,3,4,0,3,1,2,1,3,1,1,1,23465.0
0,37.0,1,1,19.0,3,0,3,5,3,3,3,2,0,2,1,1,3,27536.0
0,42.0,1,3,14.0,3,1,2,3,1,4,0,1,0,3,0,1,2,21825.0
0,32.0,0,1,30.0,2,1,3,3,1,3,1,2,0,4,1,2,2,20309.0
0,38.0,1,1,9.0,1,0,2,3,1,3,2,4,1,5,0,0,2,1000.0
0,59.0,0,1,7.0,2,1,3,6,1,3,1,4,1,1,1,2,2,24338.0
0,34.0,0,3,29.0,3,1,4,4,1,4,0,2,0,2,0,2,2,24824.0
0,38.0,1,3,20.0,2,1,3,3,1,4,1,1,0,5,1,2,2,24924.0
0,53.0,1,1,9.0,2,0,3,5,0,3,3,2,0,3,1,1,1,21890.0
0,55.0,1,3,24.0,2,0,2,3,4,4,2,4,0,2,0,1,0,31835.0
0,43.0,1,3,7.0,2,1,2,4,1,3,1,3,0,3,1,1,2,23585.0
0,35.0,1,1,16.0,3,0,3,5,3,4,3,3,0,1,1,1,3,27299.0
0,22.0,1,1,10.0,3,1,4,5,0,3,3,3,0,5,1,2,1,21908.0
1,50.0,1,3,34.0,3,1,2,4,3,5,1,5,1,5,0,0,3,25854.0
0,39.0,1,1,36.0,1,1,3,4,1,3,1,5,0,1,0,1,2,24939.0
0,45.0,1,1,8.0,2,0,3,4,0,3,2,2,0,3,1,1,1,17274.0
0,28.0,1,1,15.0,3,0,4,4,0,3,3,3,0,4,1,3,1,22123.0
0,39.0,1,1,22.0,2,1,4,5,3,3,1,2,1,5,1,3,3,30188.0
0,32.0,1,3,25.0,2,1,3,5,3,3,1,4,0,3,1,2,3,24610.0
0,35.0,1,1,6.0,3,1,2,4,0,3,0,7,0,2,1,1,1,17258.0
0,36.0,1,1,9.0,2,1,3,5,3,4,1,4,0,4,1,1,3,28952.0
1,18.0,0,1,14.0,3,1,3,3,0,3,2,2,0,5,1,0,1,16904.0
1,33.0,1,1,6.0,2,1,3,3,0,3,2,2,1,3,1,0,1,17686.0
0,44.0,0,2,6.0,2,1,2,3,1,3,1,5,1,5,1,1,2,20743.0
0,38.0,1,1,14.0,3,1,2,4,3,3,2,6,0,1,0,1,3,32342.0
1,27.0,1,3,8.0,3,0,3,5,2,4,2,3,1,5,1,1,4,17517.0
0,44.0,0,1,28.0,3,1,4,4,0,3,1,2,0,4,1,3,1,20936.0
0,43.0,0,1,16.0,2,0,2,4,1,3,1,2,0,3,0,0,2,20257.0
0,34.0,1,1,14.0,2,0,2,3,1,5,1,4,0,5,1,0,2,20121.0
0,31.0,1,1,23.0,2,1,3,4,0,3,1,3,0,1,0,1,1,21540.0
0,39.0,0,1,15.0,2,1,3,3,1,4,3,21,0,2,1,0,2,21782.0
0,18.0,1,3,16.0,3,0,3,4,0,3,2,2,0,2,1,2,1,16200.0
0,41.0,1,1,9.0,3,0,3,5,0,3,2,2,1,3,0,1,1,21020.0
0,52.0,1,1,13.0,2,1,2,3,3,4,3,1,0,3,1,1,3,25445.0
0,45.0,1,2,10.0,2,0,2,5,3,3,1,5,0,1,1,1,3,24756.0
0,31.0,0,1,9.0,3,1,3,3,3,3,1,1,0,4,1,2,3,28675.0
0,41.0,1,1,21.0,3,1,3,5,2,3,2,3,0,3,1,2,4,38304.0
0,52.0,0,3,8.0,2,1,3,4,2,3,2,2,1,1,1,0,4,34068.0
0,33.0,0,3,6.0,2,0,2,1,1,5,1,3,0,3,0,1,2,20376.0
0,32.0,1,1,14.0,3,0,3,4,3,3,3,3,1,4,1,2,3,25821.0
0,32.0,1,3,14.0,3,1,2,1,1,3,0,2,0,5,0,0,2,21209.0
0,58.0,1,3,16.0,3,1,2,3,4,3,2,1,0,3,0,1,0,28872.0
0,48.0,1,1,8.0,1,1,3,1,0,4,2,6,0,2,0,2,1,17559.0
1,19.0,0,1,16.0,3,0,3,4,0,4,2,2,1,5,0,2,1,16859.0
0,41.0,1,1,13.0,2,0,4,4,4,3,2,2,0,5,1,3,0,31915.0
0,30.0,1,3,27.0,3,1,3,4,1,3,1,4,0,1,1,1,2,25609.0
0,32.0,0,1,7.0,2,0,4,4,1,5,1,3,0,5,1,1,2,22826.0
0,33.0,0,3,33.0,3,1,4,4,1,3,0,2,0,4,1,3,2,23143.0
0,49.0,1,3,14.0,1,1,2,4,4,4,1,7,0,4,1,1,0,28120.0
0,32.0,1,3,13.0,3,1,4,3,1,3,1,6,0,5,1,3,2,24138.0
1,28.0,0,1,6.0,3,1,2,4,0,4,1,2,0,4,0,0,1,17596.0
0,43.0,1,3,22.0,3,0,3,3,4,3,1,6,1,3,0,0,0,31064.0
0,29.0,1,1,9.0,2,1,4,5,0,4,1,2,0,1,0,3,1,21879.0
0,32.0,0,1,8.0,2,1,3,3,0,3,2,1,0,5,1,1,1,18068.0
0,36.0,0,1,17.0,2,1,3,4,1,4,3,2,0,4,1,1,2,21499.0
0,25.0,0,1,9.0,1,0,3,4,0,3,3,3,1,3,1,2,1,22438.0
0,53.0,0,3,8.0,3,0,2,4,3,4,0,3,0,2,0,1,3,22525.0
0,38.0,1,1,8.0,3,1,3,3,0,3,0,7,1,4,0,0,1,18057.0
1,30.0,1,3,34.0,3,0,3,4,3,3,1,3,0,3,0,1,3,26317.0
0,47.0,1,3,17.0,3,0,4,5,3,3,0,4,1,2,1,2,3,27749.0
0,24.0,1,1,24.0,2,1,2,3,0,3,0,1,0,4,1,0,1,17774.0
0,30.0,0,1,9.0,2,1,2,3,0,3,1,5,0,3,1,0,1,17097.0
0,48.0,1,3,9.0,3,0,3,4,1,3,1,2,1,1,1,2,2,23215.0
0,55.0,0,1,14.0,3,1,2,4,4,4,1,2,1,3,1,1,0,28577.0
0,47.0,1,3,9.0,2,1,4,4,3,3,1,6,1,3,0,3,3,29046.0
0,36.0,1,2,14.0,2,1,3,4,0,5,1,1,0,1,0,1,1,17342.0
0,53.0,1,1,29.0,2,0,3,3,4,3,2,7,0,5,1,1,0,29275.0
0,53.0,1,1,15.0,2,0,3,4,0,5,0,2,0,1,1,2,1,21628.0
1,34.0,1,3,12.0,3,0,3,4,0,3,3,3,1,1,0,2,1,21529.0
0,39.0,1,2,7.0,2,1,3,2,0,3,0,3,0,4,1,1,1,21522.0
0,54.0,1,1,8.0,1,0,2,3,3,3,1,1,0,4,0,0,3,28549.0
0,25.0,1,3,11.0,3,0,3,4,1,3,0,3,1,5,1,1,2,22840.0
0,55.0,1,3,10.0,3,0,3,4,1,5,0,4,0,4,1,2,2,24618.0
0,50.0,1,1,6.0,3,1,3,3,4,3,1,1,0,5,0,2,0,32399.0
0,45.0,1,3,7.0,3,0,4,4,1,5,1,7,1,2,0,1,2,24132.0
0,38.0,1,3,8.0,2,0,2,3,1,5,1,4,0,4,0,1,2,21893.0
0,30.0,1,1,14.0,3,0,4,5,0,3,1,8,0,5,1,2,1,21210.0
0,30.0,0,1,8.0,3,0,2,3,0,3,2,1,0,4,1,0,1,17564.0
0,34.0,1,3,9.0,2,0,2,5,1,3,2,6,0,1,1,0,2,21029.0
0,48.0,1,3,13.0,3,1,3,3,1,5,1,5,0,4,1,1,2,20486.0
0,34.0,1,3,15.0,2,0,3,3,1,3,1,2,0,1,0,0,2,20714.0
1,46.0,1,3,15.0,3,1,3,4,3,3,3,2,0,5,0,1,3,24619.0
0,47.0,1,1,15.0,2,0,3,3,0,3,2,5,0,3,1,0,1,17105.0
0,32.0,1,1,16.0,3,1,1,3,3,3,3,3,0,1,0,0,3,26244.0
0,28.0,1,1,15.0,3,0,3,2,0,3,1,2,0,4,0,1,1,22195.0
0,36.0,1,3,23.0,3,1,4,4,3,4,0,2,0,2,1,3,3,26698.0
0,36.0,0,1,24.0,2,1,3,3,1,3,3,3,0,3,0,1,2,22779.0
0,28.0,1,1,25.0,3,1,3,4,0,5,1,2,0,3,1,1,1,18196.0
0,36.0,1,1,14.0,2,1,4,5,0,3,1,3,0,3,1,1,1,21368.0
0,34.0,1,3,14.0,1,1,3,1,1,3,1,2,0,1,0,2,2,21799.0
0,37.0,1,1,9.0,2,0,4,4,0,3,1,6,0,5,1,1,1,21221.0
0,27.0,0,1,7.0,3,0,4,5,0,3,1,3,0,1,0,1,1,20685.0
0,36.0,0,1,24.0,2,1,3,3,1,3,3,3,0,3,1,0,2,22779.0
1,25.0,1,3,10.0,2,0,4,4,1,3,3,2,0,2,1,1,2,23255.0
1,35.0,1,3,31.0,3,0,3,5,1,4,3,2,1,5,1,1,2,23277.0
0,54.0,1,1,14.0,2,1,3,2,4,3,1,5,0,1,0,2,0,33492.0
0,44.0,1,3,6.0,3,0,3,3,1,5,1,6,1,2,0,0,2,20454.0
0,54.0,0,1,6.0,2,0,2,3,3,3,1,1,0,5,1,1,3,25502.0
0,54.0,1,3,8.0,2,0,2,4,3,3,1,7,0,5,1,1,3,25686.0
1,31.0,1,1,9.0,2,1,4,4,0,4,2,3,0,3,0,1,1,30594.0
0,38.0,0,1,8.0,3,0,3,4,0,4,1,5,0,3,0,0,1,17468.0
0,26.0,0,1,6.0,3,0,3,4,0,3,1,2,0,2,1,0,1,17007.0
0,51.0,1,1,15.0,2,1,3,3,0,3,1,4,0,3,1,0,1,17075.0
0,37.0,0,3,15.0,2,1,4,5,3,5,3,3,0,1,0,1,3,26265.0
0,57.0,0,3,13.0,2,0,3,2,4,5,1,2,0,3,1,1,0,31890.0
0,40.0,1,1,8.0,2,1,2,4,0,3,2,3,0,5,0,1,1,17809.0
0,37.0,0,3,25.0,3,1,2,3,3,4,3,2,1,5,0,0,3,22642.0
0,36.0,1,1,9.0,2,1,3,1,1,5,1,7,0,1,1,2,2,21842.0
0,39.0,1,1,10.0,1,0,3,4,1,3,2,5,1,5,0,1,2,4678.0
0,34.0,1,3,16.0,2,0,2,3,0,3,1,2,1,1,0,1,1,17220.0
0,36.0,1,1,32.0,3,0,3,4,3,3,1,3,1,3,0,2,3,29066.0
0,34.0,1,1,8.0,2,1,3,4,0,3,1,4,0,5,1,0,1,17768.0
1,37.0,1,1,8.0,2,1,3,4,0,3,2,7,1,3,0,2,1,17090.0
0,32.0,1,1,31.0,3,0,4,5,1,5,3,3,0,5,0,3,2,25490.0
0,39.0,1,1,7.0,1,0,4,4,3,5,0,3,0,4,1,3,3,32260.0
0,38.0,1,1,21.0,2,0,4,4,0,5,1,3,0,4,1,2,1,21712.0
0,38.0,1,3,6.0,2,0,2,4,1,3,3,5,0,1,0,1,2,23686.0
1,29.0,1,1,6.0,2,0,2,4,0,5,1,2,1,1,0,0,1,17319.0
1,24.0,0,3,8.0,2,0,3,4,0,4,2,3,1,5,1,2,1,19901.0
0,20.0,1,1,32.0,2,0,3,2,0,3,3,3,1,5,1,1,1,21672.0
0,24.0,1,1,27.0,1,1,2,4,0,5,1,1,0,3,0,0,1,17296.0
0,34.0,1,3,16.0,2,0,2,3,0,3,0,2,1,2,0,1,1,17220.0
1,35.0,0,2,30.0,2,0,3,4,3,5,1,2,1,3,1,1,3,28628.0
0,29.0,1,1,10.0,3,0,4,4,3,4,1,2,0,4,0,1,3,26333.0
1,45.0,1,1,17.0,2,1,4,4,0,3,3,3,1,3,1,3,1,21614.0
0,37.0,1,1,21.0,2,1,4,4,1,3,0,2,1,5,1,3,2,25264.0
0,28.0,1,1,9.0,2,0,3,4,0,5,1,3,0,3,0,2,1,21019.0
0,44.0,1,1,15.0,2,1,3,3,0,5,1,2,1,3,1,0,1,17559.0
0,25.0,0,2,17.0,3,1,3,4,0,3,1,2,0,4,1,2,1,20823.0
1,38.0,1,2,13.0,2,1,4,4,0,5,1,6,1,1,0,3,1,20751.0
0,32.0,0,3,14.0,3,0,2,3,3,3,3,2,0,4,1,1,3,23998.0
0,38.0,1,3,15.0,3,1,3,4,0,4,1,1,0,4,0,2,1,17899.0
0,43.0,1,1,24.0,2,0,3,3,1,5,3,5,1,2,0,1,2,25223.0
0,47.0,1,1,9.0,1,1,3,4,1,3,1,4,0,2,1,1,2,26057.0
1,41.0,1,3,29.0,3,1,4,5,1,3,0,4,1,3,1,2,2,25058.0
0,30.0,1,3,17.0,2,1,3,4,0,3,3,3,0,4,0,1,1,21320.0
0,47.0,1,1,8.0,2,0,2,3,4,3,0,2,1,4,1,0,0,31752.0
0,29.0,1,3,16.0,3,1,2,4,1,3,2,1,0,4,1,0,2,20869.0
0,28.0,0,3,15.0,3,1,3,4,1,3,1,2,0,3,1,2,2,23020.0
0,58.0,1,3,36.0,3,1,3,5,4,3,1,5,0,3,1,1,0,32796.0
0,35.0,1,3,9.0,2,1,3,3,3,3,1,7,0,5,0,1,3,22823.0
1,30.0,1,1,7.0,2,0,3,5,0,5,1,3,1,1,0,1,1,20997.0
0,57.0,0,1,16.0,3,0,4,4,0,3,0,4,0,2,0,1,1,21620.0
1,35.0,0,3,26.0,3,1,4,3,1,3,3,2,1,2,1,3,2,23982.0
0,46.0,1,3,11.0,2,0,2,4,1,5,1,6,1,4,0,1,2,23684.0
1,21.0,0,3,16.0,3,0,3,4,0,3,2,3,1,4,1,1,1,21001.0
0,46.0,1,3,8.0,3,0,3,3,4,5,0,1,0,2,1,0,0,32048.0
1,45.0,0,1,7.0,3,1,3,4,0,4,1,3,1,3,1,2,1,21020.0
0,34.0,1,1,8.0,2,1,3,4,0,3,1,4,0,5,1,2,1,17768.0
0,59.0,1,1,9.0,3,0,2,2,0,5,0,5,1,2,1,1,1,17670.0
0,39.0,1,1,9.0,3,1,4,4,0,3,0,8,1,4,0,1,1,21735.0
0,29.0,1,2,15.0,3,1,4,5,0,3,1,3,0,2,0,2,1,23614.0
0,39.0,0,1,6.0,2,1,3,3,1,3,1,2,1,5,1,2,2,21472.0
0,30.0,1,1,7.0,2,0,4,4,0,3,1,3,0,2,0,3,1,22438.0
1,27.0,1,1,28.0,3,1,3,4,0,3,1,3,0,5,1,2,1,21055.0
0,50.0,1,1,27.0,3,0,4,4,1,5,0,3,0,2,1,3,2,25245.0
0,53.0,1,3,8.0,3,1,2,3,4,3,1,7,0,3,1,0,0,29852.0
0,40.0,1,1,7.0,3,1,3,3,3,3,1,2,0,3,1,1,3,28291.0
0,20.0,1,1,16.0,2,1,3,4,0,5,2,3,0,3,0,1,1,21230.0
0,48.0,1,1,6.0,2,0,2,4,4,5,0,1,0,4,0,1,0,30402.0
1,34.0,0,1,13.0,2,1,3,5,1,3,2,2,1,5,1,0,2,21074.0
1,22.0,0,1,17.0,2,0,3,5,0,3,3,3,0,4,1,1,1,21303.0
0,41.0,1,1,9.0,3,0,3,5,0,3,2,2,1,3,1,2,1,21020.0
1,29.0,1,1,31.0,1,0,3,4,0,4,0,6,0,3,0,2,1,17546.0
0,34.0,1,1,15.0,3,0,2,4,3,4,3,2,0,2,1,1,3,23621.0
0,40.0,1,1,7.0,3,1,3,2,3,3,1,2,0,3,1,1,3,28291.0
0,60.0,1,3,32.0,2,0,3,4,3,5,3,2,0,3,1,1,3,26315.0
0,33.0,1,3,14.0,2,1,2,3,1,5,1,3,0,5,1,0,2,21392.0
1,58.0,1,1,8.0,2,1,2,3,2,4,2,1,1,3,1,1,4,34246.0
0,31.0,1,3,8.0,2,1,2,3,0,3,1,1,0,4,1,0,1,18067.0
0,44.0,0,1,35.0,3,0,4,2,0,3,3,6,0,3,0,3,1,23417.0
0,33.0,0,3,9.0,2,0,4,4,0,5,1,3,0,3,1,1,1,21505.0
0,34.0,0,1,10.0,2,0,3,4,0,3,0,3,1,5,1,2,1,21587.0
0,40.0,1,2,10.0,2,0,3,3,1,4,0,2,0,2,1,1,2,25067.0
0,53.0,1,3,8.0,2,0,3,4,4,3,1,3,0,3,0,0,0,30427.0
0,32.0,1,1,8.0,3,0,3,3,0,4,1,2,0,4,0,1,1,17370.0
0,42.0,0,3,7.0,3,0,4,4,1,5,1,2,0,3,0,2,2,22781.0
0,35.0,1,1,12.0,2,1,2,5,1,3,3,2,0,5,1,0,2,21646.0
0,28.0,1,1,27.0,3,1,2,3,0,3,0,2,0,2,0,0,1,17713.0
0,61.0,0,3,35.0,3,0,4,5,3,5,0,6,0,2,1,1,3,28944.0
1,22.0,1,1,14.0,3,0,3,3,0,5,1,2,1,3,0,1,1,17398.0
0,23.0,1,1,10.0,3,1,2,2,0,5,0,3,0,4,0,1,1,17819.0
0,39.0,1,3,10.0,2,1,4,4,3,3,1,2,0,1,1,2,3,29287.0
0,33.0,1,1,14.0,2,1,2,1,0,5,1,7,0,3,1,1,1,18143.0
0,35.0,0,1,8.0,3,1,2,3,1,3,1,3,0,3,0,1,2,20762.0
0,53.0,1,1,14.0,2,1,3,4,3,4,2,2,0,3,1,2,3,29123.0
0,49.0,1,1,6.0,1,0,2,4,4,3,2,1,1,3,0,0,0,28964.0
0,43.0,1,1,20.0,2,1,3,3,4,5,1,7,0,5,1,1,0,32159.0
0,55.0,1,2,26.0,3,1,3,4,3,4,1,4,0,3,1,2,3,29403.0
0,27.0,1,1,9.0,3,1,3,2,1,3,1,3,0,3,1,2,2,24150.0
0,33.0,1,1,12.0,2,1,4,2,0,4,1,2,1,1,1,3,1,21976.0
0,33.0,1,1,13.0,3,1,2,3,3,3,0,1,0,4,0,0,3,26691.0
1,53.0,1,3,12.0,2,1,4,4,3,4,3,2,1,4,1,2,3,27124.0
0,30.0,0,3,27.0,1,0,3,4,0,3,1,3,0,3,0,2,1,20835.0
0,46.0,0,1,14.0,2,1,4,3,1,3,0,6,0,2,0,3,2,25112.0
1,46.0,1,3,16.0,2,0,3,3,3,4,1,6,0,1,0,2,3,22314.0
1,35.0,1,1,14.0,2,1,4,4,1,3,1,3,0,3,0,1,2,21263.0
1,46.0,1,3,15.0,3,1,2,3,3,3,1,5,0,3,0,1,3,25096.0
1,18.0,0,3,11.0,3,1,3,3,0,4,2,2,1,4,1,0,1,16878.0
1,32.0,1,1,8.0,2,1,3,3,0,4,2,2,0,3,1,1,1,16393.0
0,20.0,1,1,9.0,2,1,2,4,0,3,2,2,0,3,0,1,1,18033.0
0,27.0,0,1,16.0,2,1,2,3,3,5,1,2,0,3,0,1,3,23793.0
1,24.0,1,3,14.0,2,1,3,4,0,3,1,3,1,1,1,1,1,20953.0
1,30.0,0,1,10.0,1,1,2,3,0,3,2,1,1,4,1,0,1,17285.0
0,44.0,1,1,13.0,3,0,2,3,2,3,1,1,1,4,1,1,4,34049.0
0,38.0,1,1,23.0,2,0,3,4,3,3,1,1,0,1,1,2,3,23823.0
1,40.0,0,3,30.0,2,0,3,1,4,4,3,5,1,3,1,0,0,28194.0
0,23.0,1,1,18.0,3,0,3,4,0,4,1,3,0,1,1,2,1,20922.0
0,27.0,1,1,8.0,1,1,2,3,0,4,1,2,0,4,1,1,1,17226.0
0,30.0,0,1,15.0,3,1,3,3,1,5,1,2,0,2,0,1,2,18072.0
1,21.0,0,3,6.0,1,0,2,4,0,4,2,2,1,5,1,1,1,17174.0
0,42.0,1,1,26.0,2,1,3,4,1,5,1,4,0,2,1,1,2,21750.0
0,34.0,1,1,11.0,3,0,3,5,0,4,1,8,0,4,0,2,1,21300.0
1,35.0,1,1,29.0,2,1,2,4,1,3,0,4,1,4,1,1,2,20916.0
0,33.0,1,1,6.0,2,0,2,4,1,3,3,1,0,4,0,0,2,21949.0
0,29.0,0,3,26.0,1,0,2,3,0,3,0,2,0,3,0,1,1,17157.0
0,32.0,0,1,6.0,2,0,3,4,0,4,1,7,0,3,0,2,1,17332.0
0,41.0,1,1,9.0,2,1,4,4,1,3,3,3,0,3,1,3,2,23339.0
0,37.0,1,1,12.0,3,1,2,2,1,5,1,5,1,3,1,1,2,20974.0
0,38.0,0,1,29.0,2,1,2,4,3,3,3,1,0,3,1,0,3,24526.0
0,31.0,1,3,9.0,1,1,4,4,0,4,0,3,0,3,1,3,1,21154.0
0,24.0,0,1,10.0,2,1,2,4,0,3,1,1,0,3,0,1,1,18162.0
0,35.0,0,3,6.0,3,0,3,3,3,3,3,2,0,5,1,0,3,23789.0
0,33.0,1,1,9.0,1,1,3,5,1,5,2,6,0,4,0,2,2,20854.0
0,59.0,1,2,12.0,3,1,2,3,0,3,1,1,0,4,0,0,1,17267.0
0,34.0,1,3,15.0,2,1,3,4,1,5,1,4,0,5,1,1,2,25070.0
0,51.0,1,1,31.0,2,1,4,4,4,3,0,5,1,4,0,1,0,32651.0
1,26.0,1,3,14.0,1,1,2,4,1,5,2,7,0,3,1,1,2,20326.0
0,45.0,0,1,13.0,2,1,3,3,3,5,1,2,0,1,1,0,3,20210.0
1,28.0,1,1,30.0,2,1,2,4,0,3,2,6,1,2,0,0,1,17028.0
0,30.0,0,1,17.0,2,0,4,4,0,4,1,2,0,5,0,1,1,21969.0
0,39.0,0,1,13.0,3,0,4,6,1,3,1,2,1,2,0,3,2,24007.0
0,28.0,1,1,25.0,3,1,3,4,0,5,0,2,0,3,1,2,1,18196.0
1,19.0,1,3,11.0,2,1,3,3,3,4,2,1,1,4,1,0,3,17994.0
0,31.0,1,3,12.0,3,0,2,5,1,3,1,3,0,2,0,1,2,24796.0
0,26.0,1,3,33.0,3,0,3,4,1,3,3,3,0,4,0,1,2,24858.0
1,34.0,1,1,7.0,2,1,4,4,0,3,3,3,1,3,1,1,1,21364.0
0,30.0,1,1,34.0,3,0,3,3,1,3,1,2,0,3,1,2,2,20775.0
0,46.0,1,1,16.0,2,1,3,4,1,4,1,2,0,4,1,1,2,21026.0
0,35.0,1,1,8.0,2,1,2,4,3,4,1,3,0,4,1,0,3,25274.0
0,35.0,1,1,26.0,2,0,3,5,0,3,1,3,0,4,1,2,1,21607.0
0,31.0,0,1,12.0,2,1,4,5,0,3,1,2,0,5,0,1,1,22439.0
1,32.0,0,3,7.0,2,0,3,4,0,4,2,3,1,5,1,2,1,20980.0
0,39.0,1,1,6.0,2,0,3,4,4,3,0,2,0,3,0,1,0,27742.0
0,46.0,1,1,13.0,2,1,3,4,3,5,0,6,1,3,0,1,3,31923.0
0,27.0,0,1,7.0,3,0,4,5,0,3,1,3,0,2,1,1,1,20685.0
1,36.0,1,1,14.0,2,1,4,4,0,4,3,3,1,3,1,2,1,24041.0
0,35.0,1,3,10.0,2,0,3,6,1,3,3,7,0,1,1,1,2,24707.0
0,32.0,1,3,14.0,2,1,3,5,0,3,1,5,0,4,1,2,1,21007.0
0,59.0,1,1,8.0,2,0,3,4,4,3,2,4,1,5,1,0,0,28726.0
0,23.0,1,1,26.0,3,1,4,4,0,3,1,3,0,1,1,1,1,21001.0
1,33.0,1,3,11.0,3,0,2,3,0,3,2,2,1,2,1,0,1,17851.0
0,30.0,1,1,9.0,2,1,4,4,0,4,0,2,0,4,0,1,1,21381.0
1,35.0,0,3,26.0,3,1,4,2,1,3,3,2,1,1,0,1,2,23982.0
0,29.0,0,1,6.0,2,1,3,1,1,3,3,1,1,3,0,1,2,21294.0
0,38.0,1,1,26.0,2,1,3,4,1,3,1,5,0,1,0,1,2,24446.0
0,36.0,1,2,15.0,1,1,4,4,0,3,3,3,0,5,0,2,1,23001.0
0,34.0,0,1,7.0,3,1,3,5,0,3,1,3,0,3,0,1,1,20686.0
1,20.0,1,1,17.0,3,0,3,4,0,5,2,2,1,3,0,1,1,17600.0
0,36.0,0,1,18.0,3,1,4,5,3,5,1,4,1,5,1,3,3,28562.0
0,31.0,0,3,26.0,3,0,2,3,1,3,0,2,0,2,1,0,2,21932.0
0,54.0,0,3,9.0,3,0,3,5,3,4,0,4,0,2,0,2,3,26203.0
0,36.0,1,3,17.0,3,0,3,4,1,3,1,5,0,1,1,1,2,21652.0
0,29.0,1,3,9.0,3,0,3,4,1,4,1,3,1,3,1,2,2,23457.0
0,60.0,0,3,7.0,2,0,3,5,1,3,3,2,0,5,1,1,2,24151.0
0,41.0,1,1,12.0,3,1,3,4,1,4,2,7,1,3,1,2,2,21032.0
0,36.0,1,3,15.0,2,0,4,4,0,3,1,3,0,3,1,3,1,21250.0
0,37.0,1,1,20.0,2,0,3,3,0,5,1,2,0,4,1,0,1,18034.0
0,39.0,0,1,30.0,2,1,3,5,3,3,3,2,0,3,1,1,3,28204.0
1,29.0,1,3,29.0,2,0,2,4,3,5,0,2,0,3,0,0,3,22336.0
0,57.0,1,1,16.0,3,1,3,4,4,3,0,2,0,4,0,1,0,29781.0
0,40.0,1,1,7.0,2,0,4,5,4,3,1,3,0,3,1,1,0,31420.0
1,40.0,1,1,13.0,3,1,4,4,0,5,0,2,1,2,1,2,1,21082.0
1,57.0,1,1,21.0,2,0,4,4,0,4,1,2,1,5,1,1,1,23641.0
0,33.0,1,1,9.0,3,0,4,2,1,3,3,2,0,3,0,1,2,23733.0
0,35.0,1,1,7.0,2,1,3,4,0,3,1,3,0,3,1,2,1,21369.0
0,49.0,1,3,9.0,3,1,3,2,1,4,1,5,0,3,0,2,2,26798.0
0,39.0,1,1,9.0,2,1,3,4,1,3,0,2,0,2,0,2,2,25231.0
0,35.0,1,1,11.0,1,1,3,3,3,4,3,1,0,3,1,1,3,23095.0
0,34.0,1,1,26.0,1,0,2,1,0,3,0,1,0,1,1,0,1,17585.0
0,30.0,1,3,14.0,2,1,3,3,3,3,1,6,0,3,1,0,3,22264.0
0,59.0,1,3,17.0,3,1,3,4,4,3,2,2,0,3,0,2,0,32550.0
0,29.0,1,3,16.0,3,0,2,4,1,4,1,2,1,5,1,0,2,23268.0
0,34.0,0,1,16.0,1,1,3,4,1,3,1,2,0,4,1,1,2,20063.0
0,43.0,1,1,9.0,2,1,4,5,1,3,3,5,0,2,0,2,2,25459.0
0,25.0,0,1,16.0,2,1,3,5,0,4,1,3,0,5,1,1,1,21372.0
0,41.0,0,1,16.0,2,1,3,4,1,3,1,5,0,3,1,1,2,22653.0
1,56.0,1,3,20.0,3,1,3,2,4,3,2,8,1,3,1,2,0,32373.0
0,54.0,1,1,13.0,2,1,3,4,1,3,2,4,0,5,1,1,2,21128.0
0,30.0,1,1,6.0,2,1,2,4,1,3,0,2,1,2,1,1,2,20126.0
0,49.0,1,1,14.0,2,0,2,3,3,4,0,5,0,4,0,0,3,22403.0
0,27.0,0,3,26.0,2,0,2,3,1,3,3,2,0,1,1,1,2,24981.0
0,37.0,1,3,16.0,2,0,2,4,1,3,1,3,1,4,0,0,2,21694.0
0,31.0,1,3,34.0,3,1,4,4,1,3,1,2,0,3,1,3,2,23982.0
0,37.0,0,1,15.0,2,0,4,3,3,5,0,2,0,3,0,1,3,30391.0
0,28.0,1,1,10.0,3,1,3,5,0,3,2,2,0,2,0,1,1,20723.0
0,27.0,1,1,13.0,2,0,4,4,0,3,1,3,1,1,0,2,1,21337.0
0,41.0,1,1,20.0,2,1,2,3,0,3,1,5,0,4,1,1,1,17451.0
0,30.0,1,3,9.0,3,1,4,5,1,4,0,4,0,4,0,2,2,25322.0
0,31.0,1,2,16.0,2,1,3,4,1,3,1,2,1,3,1,2,2,25025.0
0,30.0,1,3,13.0,3,1,2,3,0,4,2,1,0,1,0,0,1,17983.0
0,37.0,1,1,13.0,3,1,1,3,3,3,2,5,0,2,0,0,3,28664.0
0,39.0,1,3,10.0,2,1,4,4,3,3,1,2,0,2,1,2,3,29287.0
0,30.0,1,1,22.0,2,0,4,6,0,3,0,2,1,5,1,1,1,20846.0
0,41.0,1,1,9.0,3,0,4,4,0,3,1,4,0,1,1,2,1,20679.0
0,34.0,1,3,7.0,3,1,3,2,1,5,1,3,0,4,0,1,2,22715.0
0,53.0,1,1,30.0,3,1,2,1,3,3,1,4,0,3,0,1,3,22005.0
0,44.0,0,1,8.0,3,1,2,3,3,3,3,6,1,1,0,1,3,25209.0
0,30.0,1,1,13.0,3,1,2,4,0,4,1,2,0,5,0,0,1,17141.0
0,37.0,1,3,9.0,2,1,2,3,3,3,3,3,0,3,0,0,3,22428.0
0,46.0,1,1,19.0,2,1,2,3,1,4,2,7,0,4,1,0,2,20562.0
0,43.0,1,1,31.0,3,1,3,4,3,5,1,3,1,1,1,1,3,26084.0
0,27.0,1,1,20.0,2,1,2,3,0,5,0,2,1,4,1,0,1,17235.0
0,27.0,1,1,10.0,2,1,3,3,0,3,1,2,0,4,1,1,1,17517.0
0,36.0,1,1,14.0,1,0,2,3,3,3,1,2,0,4,1,0,3,25096.0
1,45.0,1,2,7.0,3,1,4,5,3,5,0,2,0,4,1,1,3,29160.0
0,49.0,1,1,22.0,3,0,3,3,0,5,1,5,1,1,1,1,1,17587.0
0,46.0,0,1,14.0,2,1,4,4,3,5,1,3,0,1,1,1,3,23888.0
0,26.0,1,1,12.0,2,0,3,3,0,3,0,2,1,2,0,0,1,17659.0
1,29.0,1,1,31.0,2,1,3,5,0,3,2,7,1,2,0,1,1,20706.0
1,58.0,1,1,27.0,3,0,3,3,1,4,1,5,0,3,1,1,2,25008.0
0,36.0,1,3,7.0,3,1,3,5,1,5,3,2,0,1,1,2,2,22990.0
0,31.0,0,1,9.0,3,0,3,4,0,3,2,2,0,4,1,1,1,21242.0
0,35.0,0,1,8.0,2,0,3,3,1,5,1,3,0,4,0,0,2,20093.0
0,51.0,1,1,8.0,3,1,2,5,1,4,1,6,0,2,0,0,2,20482.0
1,30.0,1,1,28.0,2,0,2,3,0,3,0,5,1,2,0,1,1,17132.0
0,21.0,1,3,28.0,3,1,3,2,0,3,3,3,0,3,1,2,1,21356.0
0,31.0,0,1,12.0,2,1,4,5,0,3,1,2,0,5,0,1,1,22439.0
0,31.0,1,1,14.0,2,0,3,3,4,4,2,4,0,1,1,0,0,31422.0
1,19.0,1,3,28.0,3,1,2,3,0,3,2,2,1,2,0,1,1,16675.0
0,41.0,1,3,12.0,3,1,2,3,3,3,3,2,0,5,1,0,3,24241.0
0,39.0,1,1,32.0,2,0,3,5,3,4,0,5,0,3,1,1,3,30739.0
1,26.0,1,2,26.0,3,0,3,3,0,4,1,1,1,3,0,1,1,17148.0
1,36.0,1,3,11.0,1,1,3,4,3,5,3,2,1,4,1,2,3,28260.0
0,37.0,1,3,8.0,3,1,3,3,1,3,1,5,1,3,0,2,2,24602.0
0,31.0,1,3,34.0,3,1,3,4,1,3,1,2,0,3,1,1,2,23982.0
0,43.0,0,1,15.0,3,1,3,3,1,3,1,4,1,3,1,2,2,20679.0
0,29.0,1,3,10.0,3,0,4,4,0,4,1,3,0,1,1,1,1,21534.0
0,29.0,1,1,21.0,2,1,2,3,0,3,2,2,0,3,1,1,1,17340.0
0,29.0,1,1,21.0,2,0,3,5,0,3,0,1,1,5,1,0,1,17168.0
0,25.0,1,3,32.0,3,0,2,3,1,3,2,2,0,4,0,0,2,21180.0
0,45.0,1,2,7.0,2,0,3,5,1,3,3,6,0,5,1,2,2,24663.0
0,32.0,1,1,11.0,2,1,2,4,1,3,3,1,0,1,0,1,2,24679.0
1,39.0,1,1,9.0,3,1,3,4,1,4,1,6,0,4,0,1,2,23533.0
0,31.0,0,1,11.0,3,1,3,3,1,5,3,1,0,1,0,2,2,24936.0
0,28.0,0,3,7.0,3,1,4,4,1,4,0,2,1,2,0,3,2,25027.0
0,39.0,1,3,7.0,2,1,3,5,0,5,3,6,0,3,0,2,1,21536.0
0,31.0,1,3,13.0,3,1,3,3,1,3,1,5,0,2,0,0,2,22547.0
0,48.0,0,1,6.0,3,1,2,1,4,3,2,3,0,2,0,0,0,31885.0
0,37.0,0,1,10.0,3,1,2,4,0,4,2,6,0,4,1,1,1,20766.0
0,21.0,1,1,6.0,2,1,3,5,0,3,3,3,0,3,0,1,1,21711.0
1,51.0,0,3,7.0,2,1,3,4,1,3,3,5,1,2,0,1,2,23406.0
0,46.0,0,1,7.0,3,1,3,4,1,3,3,6,0,1,1,2,2,24077.0
1,37.0,1,1,22.0,2,1,3,4,1,3,1,2,0,4,0,1,2,23512.0
0,36.0,1,3,14.0,2,1,4,4,0,3,0,3,0,3,1,1,1,21082.0
0,36.0,1,1,17.0,2,1,3,4,0,3,1,3,0,5,0,1,1,22595.0
0,38.0,1,1,6.0,2,0,2,3,3,3,3,5,1,1,0,1,3,22861.0
0,40.0,1,1,25.0,3,1,2,3,1,3,0,1,1,2,1,1,2,17741.0
0,27.0,1,1,17.0,2,1,3,3,0,5,0,1,0,5,1,2,1,17099.0
1,27.0,1,1,23.0,2,0,2,3,0,3,2,2,1,5,1,0,1,17394.0
0,36.0,1,1,6.0,2,0,2,3,1,4,1,1,0,5,1,1,2,20228.0
1,28.0,1,1,23.0,1,1,2,4,0,3,1,6,0,3,0,1,1,17367.0
1,20.0,1,3,12.0,2,1,4,4,3,4,3,2,1,4,1,1,3,21672.0
1,22.0,0,3,25.0,3,0,4,4,1,3,1,2,1,5,0,2,2,21303.0
0,34.0,0,1,8.0,2,1,2,4,1,3,1,2,0,4,0,1,2,24547.0
1,37.0,1,1,22.0,2,1,3,4,1,3,1,2,0,4,0,2,2,23512.0
0,22.0,1,1,12.0,3,1,4,4,0,3,3,3,0,1,1,2,1,21795.0
0,31.0,1,3,15.0,2,1,4,4,3,3,1,7,0,3,1,1,3,25942.0
1,40.0,0,1,9.0,2,0,3,5,0,5,3,4,1,3,0,1,1,22324.0
0,24.0,1,1,11.0,3,1,3,3,0,5,0,4,0,4,0,2,1,21497.0
0,43.0,1,3,19.0,3,1,4,4,1,3,1,5,1,1,0,1,2,23765.0
1,39.0,1,1,36.0,3,1,4,4,1,5,1,2,1,3,1,3,2,25351.0
0,24.0,1,1,7.0,2,1,3,4,0,3,0,3,0,4,0,2,1,19901.0
0,31.0,1,2,14.0,3,0,3,1,0,4,2,1,0,1,0,2,1,17109.0
0,36.0,0,1,14.0,2,0,3,2,3,5,0,1,0,3,0,0,3,26713.0
0,40.0,0,1,22.0,3,1,2,4,1,3,2,7,0,5,0,0,2,20094.0
0,33.0,1,3,11.0,2,0,3,4,0,4,0,4,0,3,1,1,1,22609.0
0,34.0,1,3,34.0,3,0,3,4,1,3,1,2,0,5,1,0,2,21712.0
0,25.0,1,3,17.0,3,0,4,4,1,3,1,3,1,2,0,3,2,22938.0
0,35.0,1,1,10.0,2,1,3,3,0,3,1,2,0,4,1,1,1,16951.0
0,35.0,1,3,7.0,3,1,4,2,1,3,1,2,0,5,0,2,2,28403.0
1,36.0,0,1,8.0,3,1,4,4,0,4,1,3,1,3,1,1,1,22927.0
0,52.0,1,1,16.0,2,1,4,4,0,3,1,5,0,3,1,1,1,20753.0
0,41.0,1,1,7.0,2,1,3,4,0,4,0,5,0,1,1,2,1,21065.0
0,41.0,1,1,26.0,3,1,2,4,1,3,1,2,1,1,1,1,2,21419.0
0,38.0,1,1,6.0,1,0,3,3,3,5,0,2,0,4,1,2,3,28582.0
0,43.0,1,1,24.0,2,0,3,2,1,5,3,5,1,1,1,2,2,25223.0
0,46.0,1,1,13.0,3,1,3,3,3,3,1,7,0,1,1,1,3,25845.0
1,43.0,0,3,19.0,2,1,3,4,4,5,2,2,1,5,1,2,0,32436.0
1,19.0,1,3,16.0,3,1,3,4,0,3,2,3,0,5,0,2,1,20289.0
0,51.0,1,3,15.0,3,1,3,4,0,4,1,2,0,1,0,2,1,22553.0
0,43.0,0,2,9.0,3,1,4,2,1,5,0,2,0,2,0,3,2,24950.0
0,46.0,1,1,27.0,3,1,4,4,4,3,1,2,1,3,1,2,0,32174.0
0,32.0,1,1,14.0,3,0,3,1,1,3,0,6,0,3,1,2,2,20175.0
0,47.0,0,3,9.0,3,0,2,3,4,3,1,1,1,5,1,1,0,28770.0
0,35.0,0,1,24.0,2,1,3,3,1,3,1,2,1,3,1,0,2,20689.0
1,40.0,1,1,13.0,2,1,3,3,0,5,2,4,1,3,0,1,1,17166.0
0,37.0,1,1,13.0,3,1,3,4,1,4,1,8,0,4,1,2,2,23619.0
0,25.0,0,1,18.0,2,0,4,3,1,3,1,2,0,3,1,3,2,22689.0
0,46.0,1,3,9.0,1,1,3,6,1,3,3,2,0,5,0,1,2,25310.0
0,29.0,1,1,13.0,2,1,2,3,1,3,1,2,1,3,0,0,2,21623.0
0,33.0,1,1,16.0,2,0,4,4,1,3,0,3,1,5,1,3,2,25000.0
0,38.0,1,1,17.0,2,0,3,4,0,5,1,2,1,3,1,1,1,21460.0
0,37.0,1,2,15.0,2,1,4,5,0,5,0,2,0,2,1,3,1,21020.0
0,32.0,1,1,9.0,2,0,2,3,3,3,3,4,0,1,1,0,3,26159.0
0,29.0,1,3,12.0,3,1,4,4,1,3,3,3,0,3,1,1,2,23586.0
0,23.0,1,1,26.0,3,1,4,4,0,3,0,3,0,2,0,2,1,21001.0
0,32.0,0,3,11.0,2,1,2,3,1,4,0,2,0,3,1,1,2,21524.0
1,24.0,1,1,15.0,3,1,4,5,0,3,3,3,1,4,1,3,1,22667.0
1,42.0,1,1,9.0,2,0,3,6,0,3,1,6,1,3,0,2,1,21456.0
0,33.0,1,3,14.0,2,1,4,5,1,3,0,3,0,3,1,3,2,24162.0
1,35.0,0,3,8.0,2,0,3,6,0,3,3,3,0,3,0,2,1,23122.0
0,50.0,1,1,13.0,3,0,2,4,2,3,1,6,1,4,1,1,4,33740.0
0,31.0,1,1,24.0,3,0,4,4,3,5,0,3,1,4,0,3,3,30594.0
0,35.0,0,3,17.0,2,1,3,4,1,3,1,3,1,1,1,2,2,22679.0
0,32.0,0,3,27.0,2,1,4,2,0,3,0,2,0,5,1,2,1,21469.0
0,61.0,1,1,14.0,2,0,3,4,2,5,1,7,0,5,1,1,4,38244.0
0,27.0,1,2,32.0,2,0,4,4,0,3,1,3,0,4,1,2,1,21620.0
1,29.0,0,3,19.0,1,0,2,3,1,4,2,6,0,3,0,1,2,20765.0
0,32.0,0,3,14.0,3,0,2,3,3,3,3,2,0,4,1,1,3,23998.0
0,24.0,1,1,29.0,3,1,2,1,0,3,1,2,1,4,0,0,1,17725.0
1,34.0,1,3,23.0,3,0,4,4,1,5,3,7,0,3,1,1,2,24002.0
1,32.0,1,1,31.0,2,1,2,3,0,3,2,2,1,5,1,0,1,17795.0
0,37.0,0,1,8.0,2,1,3,4,1,3,1,6,0,2,0,1,2,20163.0
0,27.0,1,3,35.0,3,1,4,4,1,4,1,3,0,3,0,1,2,24950.0
0,46.0,1,1,27.0,3,1,4,6,3,5,1,4,1,3,0,1,3,29529.0
0,43.0,0,1,17.0,1,1,3,4,0,3,1,5,0,4,1,1,1,21614.0
1,34.0,0,1,10.0,2,1,4,4,0,5,3,3,1,5,1,1,1,22026.0
0,43.0,1,3,21.0,3,0,4,5,1,3,3,2,0,3,0,1,2,24922.0
0,55.0,1,1,20.0,3,1,3,2,2,4,2,1,0,2,0,2,4,33722.0
0,34.0,0,3,14.0,3,1,3,4,1,5,0,2,0,3,0,1,2,23051.0
0,46.0,1,3,6.0,3,0,3,3,3,5,1,2,0,1,1,2,3,25453.0
0,36.0,0,1,7.0,3,1,4,4,0,5,0,6,0,2,0,2,1,20872.0
0,28.0,1,1,23.0,1,0,3,4,0,4,1,2,0,1,1,1,1,21489.0
0,42.0,1,1,8.0,2,1,2,3,2,3,1,6,0,3,1,1,4,33880.0
0,33.0,1,3,14.0,2,1,4,5,1,3,1,3,0,3,1,1,2,24162.0
0,38.0,1,1,8.0,3,0,2,4,3,3,1,4,1,5,1,1,3,22756.0
1,29.0,1,1,6.0,1,1,3,4,0,5,2,7,0,3,0,2,1,17362.0
0,39.0,1,1,7.0,2,0,3,4,0,5,3,5,0,2,1,2,1,21297.0
0,28.0,1,3,15.0,3,0,3,4,1,4,1,3,0,1,0,2,2,24892.0
0,59.0,1,3,9.0,2,0,2,4,1,3,2,6,0,3,0,0,2,20171.0
0,35.0,1,2,10.0,2,1,3,4,0,3,0,2,0,2,1,2,1,22415.0
0,37.0,1,1,12.0,2,1,4,4,1,4,3,2,0,2,0,3,2,24592.0
0,38.0,1,3,13.0,3,1,4,4,1,3,0,6,0,3,0,1,2,25180.0
1,21.0,1,1,24.0,2,0,3,3,0,3,2,2,0,3,1,2,1,17693.0
0,31.0,1,1,18.0,3,0,2,3,1,3,1,1,1,4,1,0,2,20855.0
0,24.0,0,2,16.0,3,1,2,3,0,3,1,1,0,4,1,1,1,17145.0
0,32.0,1,1,15.0,2,0,4,4,1,3,3,3,0,5,1,3,2,23102.0
1,18.0,1,1,9.0,2,1,2,3,0,3,2,2,0,4,0,0,1,16420.0
0,22.0,1,1,12.0,3,1,3,3,0,3,0,1,0,2,1,0,1,17773.0
0,26.0,1,1,9.0,3,1,4,2,0,5,3,2,0,2,1,3,1,22102.0
0,39.0,0,1,9.0,3,0,3,5,0,4,2,3,0,1,1,1,1,21118.0
0,30.0,0,1,7.0,2,1,4,6,0,3,1,3,0,2,1,1,1,21398.0
0,24.0,1,1,17.0,3,1,4,2,0,3,3,3,0,1,0,2,1,22183.0
0,39.0,1,3,7.0,2,0,3,5,1,3,3,6,0,1,0,2,2,27364.0
0,30.0,1,1,15.0,3,1,4,5,1,3,1,3,1,3,1,2,2,23734.0
0,32.0,1,1,9.0,3,0,3,3,1,5,1,2,0,1,1,0,2,21725.0
1,27.0,0,2,24.0,2,0,3,4,0,3,1,2,1,5,0,2,1,21419.0
0,26.0,1,3,11.0,3,1,3,5,1,5,1,3,0,3,1,2,2,22934.0
1,34.0,1,1,9.0,2,0,3,4,0,5,0,2,0,3,1,1,1,21385.0
1,34.0,0,1,13.0,2,1,3,5,1,3,2,2,1,5,1,1,2,21074.0
0,23.0,1,1,12.0,2,1,3,2,0,4,1,3,1,4,1,1,1,21006.0
0,25.0,1,1,13.0,3,1,3,4,0,3,1,2,0,1,0,2,1,17889.0
1,34.0,0,1,36.0,3,0,3,5,1,3,3,3,0,5,1,1,2,23186.0
0,33.0,1,1,8.0,2,1,2,3,0,3,2,1,0,3,1,0,1,17500.0
1,36.0,1,3,9.0,2,1,2,4,3,3,0,2,1,2,1,0,3,25325.0
0,25.0,1,3,17.0,3,0,4,4,1,3,1,3,1,1,0,1,2,22938.0
0,28.0,0,1,12.0,2,1,2,4,0,3,1,2,1,4,1,1,1,17703.0
0,36.0,0,1,14.0,2,0,3,1,3,5,1,1,0,3,0,1,3,26713.0
0,38.0,1,1,6.0,2,0,2,1,1,3,3,1,0,1,0,0,2,22625.0
0,38.0,1,2,6.0,2,1,2,1,0,3,0,2,0,4,1,0,1,17844.0
0,37.0,1,1,9.0,2,1,2,3,3,3,1,2,0,1,1,0,3,24434.0
1,51.0,1,3,30.0,3,0,2,4,1,4,2,1,1,5,1,1,2,17838.0
1,38.0,1,1,35.0,3,1,3,3,1,5,1,1,1,3,1,2,2,21673.0
0,50.0,1,1,13.0,3,0,2,4,2,3,1,6,1,4,1,1,4,33740.0
0,47.0,1,3,8.0,2,0,3,4,0,3,2,2,1,2,1,0,1,18294.0
1,42.0,0,1,25.0,3,1,2,1,0,3,1,7,1,3,0,0,1,17759.0
0,25.0,0,1,8.0,2,1,3,1,1,3,1,2,0,1,0,1,2,20206.0
0,29.0,1,1,6.0,2,0,2,4,4,3,1,4,0,2,0,1,0,31124.0
1,32.0,0,1,22.0,3,1,4,4,0,3,1,3,0,4,1,1,1,21288.0
1,34.0,0,1,22.0,1,1,2,5,0,5,1,2,1,3,1,0,1,17307.0
0,52.0,1,1,7.0,2,1,4,4,0,3,1,3,0,4,1,1,1,21401.0
0,27.0,1,1,12.0,3,0,3,4,0,3,1,1,0,2,1,1,1,17187.0
0,57.0,1,1,6.0,3,1,2,3,1,3,0,3,0,3,1,1,2,21755.0
1,28.0,1,1,7.0,1,1,3,4,0,5,2,7,0,3,1,1,1,17080.0
1,26.0,1,1,10.0,3,1,4,4,0,5,1,7,0,5,1,2,1,22709.0
0,36.0,0,3,14.0,2,1,3,4,3,5,3,2,0,2,0,2,3,22587.0
0,37.0,0,3,22.0,3,1,3,6,1,3,1,3,0,1,1,1,2,24084.0
0,28.0,0,3,15.0,2,1,3,4,3,3,3,3,0,2,1,1,3,27404.0
0,32.0,1,3,9.0,2,1,4,4,1,3,3,6,1,5,1,2,2,25260.0
1,27.0,0,1,9.0,2,1,3,4,0,5,0,8,1,5,1,1,1,20720.0
0,38.0,1,1,21.0,2,1,3,4,3,3,1,1,1,5,1,1,3,26510.0
1,34.0,1,1,22.0,3,1,3,4,3,3,0,2,1,5,0,1,3,32288.0
0,38.0,1,1,14.0,3,1,4,4,1,5,1,7,1,3,0,1,2,22962.0
0,28.0,1,1,22.0,3,1,3,2,1,5,2,1,0,5,0,2,2,20661.0
1,48.0,0,3,34.0,2,0,4,2,1,3,3,6,1,4,0,2,2,25075.0
1,38.0,1,1,18.0,3,0,4,6,1,4,0,7,0,4,1,1,2,23455.0
1,27.0,1,3,15.0,1,1,3,5,1,5,3,8,0,3,1,2,2,24004.0
0,36.0,0,1,9.0,3,1,3,4,1,3,1,4,0,3,0,2,2,24440.0
0,47.0,0,1,14.0,3,0,2,4,1,3,1,4,0,5,1,1,2,23936.0
0,37.0,1,1,12.0,2,0,3,4,3,5,1,6,0,4,1,2,3,26686.0
0,26.0,1,1,7.0,3,0,3,4,0,4,2,3,0,3,1,1,1,20774.0
0,31.0,1,1,29.0,3,1,3,4,1,3,0,1,0,3,1,1,2,20582.0
0,22.0,1,1,21.0,3,0,2,3,0,3,2,2,0,1,1,1,1,17871.0
0,49.0,1,1,13.0,2,1,4,5,1,3,3,4,0,1,0,3,2,22918.0
0,35.0,1,1,29.0,3,1,3,5,0,3,1,1,0,1,1,0,1,17705.0
0,41.0,1,3,29.0,2,1,3,3,3,3,3,4,1,3,0,2,3,22082.0
1,40.0,1,2,24.0,2,1,2,1,0,5,1,1,0,1,1,1,1,17387.0
1,27.0,0,1,30.0,2,1,3,4,0,3,2,2,1,3,1,1,1,17534.0
0,40.0,0,3,27.0,2,1,3,4,1,3,1,4,0,3,1,1,2,22805.0
0,41.0,0,1,23.0,2,1,4,4,0,3,1,2,0,3,1,3,1,22222.0
0,29.0,1,1,27.0,2,0,2,2,3,5,1,2,0,5,1,1,3,24980.0
0,30.0,1,2,15.0,2,1,2,3,1,3,0,1,1,3,1,1,2,21347.0
0,35.0,1,1,26.0,3,1,4,4,0,3,1,2,0,3,0,3,1,21339.0
0,41.0,0,1,28.0,2,0,3,3,1,3,1,4,1,5,0,0,2,20467.0
0,38.0,1,1,10.0,2,1,3,4,3,3,1,3,0,1,1,1,3,28112.0
1,19.0,0,3,12.0,3,1,4,4,0,4,2,3,1,4,1,3,1,20556.0
0,24.0,1,1,29.0,3,1,2,2,0,3,0,2,1,4,0,1,1,17725.0
0,32.0,0,3,9.0,2,1,3,4,1,5,3,2,0,1,0,1,2,24010.0
0,36.0,1,1,9.0,2,0,2,3,0,3,1,6,0,2,1,0,1,17835.0
0,31.0,0,3,29.0,2,0,4,4,3,5,1,2,0,1,1,2,3,27090.0
1,46.0,1,1,27.0,3,0,3,3,1,4,1,5,0,3,1,2,2,23926.0
0,48.0,0,3,11.0,3,1,3,4,1,3,3,5,0,4,0,2,2,21654.0
1,44.0,0,3,7.0,1,1,3,3,0,3,1,4,0,3,1,1,1,22978.0
1,31.0,0,1,15.0,3,1,2,4,0,5,2,1,1,3,1,0,1,17321.0
0,36.0,1,1,32.0,2,1,3,5,1,3,3,6,0,1,1,1,2,22359.0
0,32.0,1,1,15.0,2,0,3,3,1,3,0,2,1,5,1,2,2,21322.0
0,28.0,1,1,12.0,2,0,3,4,0,4,2,3,1,3,0,2,1,21156.0
1,31.0,0,1,26.0,2,1,3,3,3,3,1,4,0,3,1,0,3,24824.0
1,47.0,0,3,33.0,2,0,3,1,1,3,3,5,1,4,1,2,2,21397.0
0,27.0,1,1,8.0,2,0,2,3,0,5,1,2,0,3,1,1,1,17341.0
0,36.0,1,3,16.0,1,0,3,4,1,3,1,2,1,1,1,2,2,20673.0
1,29.0,1,1,14.0,2,1,3,5,0,5,1,2,1,3,0,1,1,17119.0
1,29.0,1,2,19.0,2,1,2,4,0,5,1,5,1,5,1,1,1,17335.0
0,29.0,1,1,7.0,3,0,4,4,0,5,1,3,0,1,1,1,1,22269.0
0,32.0,1,1,6.0,2,1,3,3,1,4,1,2,0,3,1,0,2,21220.0
0,41.0,1,3,11.0,3,1,4,5,3,3,1,2,0,1,1,2,3,29533.0
1,29.0,1,1,9.0,2,1,4,4,0,3,3,4,0,4,1,2,1,22163.0
0,39.0,0,1,6.0,2,1,2,3,2,3,1,2,1,3,0,0,4,34197.0
0,58.0,1,3,16.0,3,1,2,3,4,3,2,1,0,3,1,1,0,28872.0
0,37.0,1,2,20.0,2,1,3,4,0,4,0,6,0,3,1,1,1,20821.0
0,40.0,1,1,6.0,2,1,2,3,0,3,1,1,0,1,0,0,1,17406.0
1,57.0,1,1,21.0,2,0,4,4,0,4,0,2,1,5,1,2,1,23641.0
0,42.0,1,1,13.0,3,1,3,4,0,5,3,4,1,4,1,1,1,23399.0
0,42.0,0,1,32.0,3,0,2,3,3,5,0,4,1,3,0,1,3,28191.0
0,26.0,1,3,15.0,2,1,3,3,1,4,0,2,0,4,0,1,2,23529.0
0,38.0,1,1,16.0,3,0,3,3,1,3,1,4,0,3,0,1,2,24824.0
0,39.0,1,1,16.0,2,0,4,4,0,3,2,3,0,1,1,3,1,20966.0
0,32.0,0,1,13.0,2,1,3,2,0,4,0,2,0,2,0,1,1,17794.0
0,29.0,0,1,13.0,2,1,3,5,0,3,1,3,1,4,1,1,1,21381.0
0,26.0,1,1,6.0,3,1,3,3,0,5,2,1,0,5,1,2,1,17867.0
0,35.0,1,1,10.0,2,0,4,4,1,4,1,3,0,5,1,3,2,24111.0
0,46.0,1,3,10.0,3,0,2,4,2,4,0,3,0,5,1,0,4,33789.0
1,29.0,1,1,9.0,3,1,3,6,0,3,1,7,1,3,1,2,1,22142.0
0,45.0,0,1,13.0,2,1,3,1,1,3,1,5,0,1,1,0,2,21434.0
0,43.0,1,1,12.0,2,1,2,4,4,3,1,5,1,3,1,0,0,31627.0
0,40.0,1,1,13.0,3,1,3,5,3,5,1,6,0,4,1,1,3,28669.0
0,30.0,0,1,7.0,2,1,4,2,1,3,3,2,1,3,0,2,2,24972.0
0,36.0,1,1,8.0,3,1,3,3,0,3,2,5,0,5,1,1,1,17519.0
0,35.0,1,1,22.0,2,0,3,4,3,4,3,2,0,1,1,2,3,23606.0
0,38.0,1,1,17.0,2,1,3,4,1,4,3,4,1,5,0,2,2,22875.0
0,55.0,0,1,8.0,3,1,2,4,4,5,2,1,0,3,1,1,0,31756.0
0,31.0,0,3,8.0,2,1,2,3,1,5,2,1,0,1,0,0,2,20332.0
0,40.0,0,3,11.0,2,1,2,4,3,5,0,6,1,5,0,1,3,25475.0
0,32.0,1,1,14.0,3,0,3,4,1,5,1,3,0,1,1,1,2,22984.0
0,48.0,1,3,9.0,2,0,4,5,0,3,3,3,1,2,1,1,1,21972.0
0,30.0,1,1,8.0,3,1,2,4,0,3,2,1,0,4,0,0,1,17720.0
0,21.0,1,3,11.0,3,1,2,3,0,5,2,2,1,1,1,0,1,17380.0
0,35.0,1,1,15.0,2,0,3,4,3,3,0,2,1,4,1,1,3,25685.0
0,24.0,1,1,24.0,2,1,2,3,0,3,1,1,0,4,0,0,1,17774.0
0,38.0,0,3,16.0,3,1,4,4,3,4,1,3,0,2,1,1,3,27512.0
0,25.0,1,1,30.0,3,1,3,2,0,3,1,3,1,4,0,1,1,21403.0
0,35.0,0,1,10.0,2,1,3,5,0,3,1,5,0,1,0,1,1,21657.0
1,19.0,0,3,10.0,3,0,4,4,0,3,2,3,1,5,0,2,1,20247.0
0,59.0,1,3,31.0,2,0,4,3,3,5,3,1,0,3,1,1,3,22637.0
0,22.0,1,1,7.0,1,0,4,5,0,4,2,3,1,5,1,2,1,20748.0
0,36.0,1,1,12.0,2,0,2,2,1,3,0,4,0,2,0,0,2,18038.0
0,39.0,1,3,16.0,3,1,4,5,0,4,1,2,0,4,0,3,1,21577.0
1,28.0,0,1,8.0,3,1,2,4,0,5,2,1,0,4,0,0,1,17561.0
1,50.0,1,3,9.0,3,1,2,4,0,3,1,2,1,4,1,1,1,17683.0
0,40.0,1,1,16.0,3,1,3,4,1,5,1,3,0,4,1,1,2,23829.0
0,37.0,0,3,15.0,1,1,3,4,1,3,1,6,0,3,1,1,2,23757.0
0,32.0,1,1,6.0,2,1,3,3,0,5,2,2,0,1,0,1,1,17956.0
0,37.0,1,1,10.0,1,1,2,4,1,4,3,6,0,1,1,1,2,23163.0
0,31.0,1,1,7.0,2,1,3,5,1,3,1,3,1,1,1,2,2,23804.0
0,57.0,1,1,30.0,2,1,2,2,3,3,1,4,1,4,1,1,3,24439.0
0,53.0,0,1,32.0,3,0,3,5,4,3,0,5,0,5,0,2,0,32504.0
0,29.0,1,1,26.0,3,1,4,5,0,5,0,3,0,3,1,3,1,21874.0
0,38.0,1,3,9.0,3,1,4,4,1,3,1,6,1,3,0,3,2,28280.0
0,55.0,1,1,15.0,2,0,3,4,1,3,3,2,0,2,1,1,2,22458.0
0,44.0,1,3,34.0,3,0,2,1,4,3,1,4,1,1,1,0,0,28320.0
1,27.0,1,1,32.0,2,1,3,6,0,3,2,3,0,2,1,2,1,20971.0
0,22.0,1,1,7.0,1,0,4,5,0,4,2,3,1,5,0,3,1,20748.0
0,27.0,1,1,13.0,2,0,3,5,0,4,1,3,0,3,1,2,1,21046.0
0,28.0,1,1,14.0,3,0,3,5,1,5,3,2,0,3,1,1,2,25489.0
0,37.0,1,1,6.0,1,0,2,3,3,3,3,5,0,5,1,0,3,22491.0
0,33.0,0,3,14.0,2,0,2,4,0,3,2,1,0,1,0,1,1,17342.0
0,25.0,1,1,13.0,3,1,3,4,0,3,0,2,0,2,1,2,1,17889.0
1,32.0,1,3,10.0,3,1,2,5,3,3,0,2,0,2,1,1,3,25400.0
0,56.0,1,3,33.0,3,1,3,5,2,3,1,3,0,3,1,2,4,38264.0
1,29.0,1,1,19.0,2,0,4,4,0,3,1,3,1,4,1,2,1,21193.0
0,59.0,0,3,6.0,2,0,2,4,1,3,2,1,0,5,1,1,2,20473.0
1,26.0,0,1,9.0,1,1,3,3,0,5,2,1,0,3,0,2,1,18102.0
0,36.0,1,1,29.0,2,0,4,2,3,4,1,2,0,5,1,3,3,30674.0
0,38.0,0,1,12.0,3,0,3,5,1,3,1,1,1,2,0,2,2,20329.0
0,53.0,1,3,6.0,3,0,2,3,1,5,3,1,0,2,1,1,2,23381.0
0,34.0,0,3,14.0,2,0,2,4,1,4,0,2,0,4,1,1,2,22980.0
0,37.0,0,3,10.0,3,1,2,3,0,3,1,5,0,4,1,0,1,17793.0
1,33.0,1,1,6.0,2,1,3,3,0,3,2,2,1,3,1,0,1,17686.0
0,35.0,1,1,6.0,3,1,2,4,0,3,1,7,0,1,1,1,1,17258.0
0,40.0,1,2,12.0,3,1,2,3,4,3,2,2,1,3,1,1,0,31437.0
0,29.0,1,1,34.0,2,0,3,3,0,3,1,5,0,5,0,1,1,17514.0
0,55.0,1,1,16.0,2,0,4,4,1,3,1,5,0,5,0,2,2,21575.0
0,59.0,1,1,9.0,2,1,3,4,0,3,1,4,0,3,0,0,1,17177.0
0,53.0,1,1,12.0,2,1,2,3,1,3,2,3,0,5,1,0,2,17450.0
0,29.0,1,1,9.0,2,1,4,5,0,4,0,2,0,2,0,3,1,21879.0
0,30.0,0,1,6.0,2,1,2,4,3,3,3,2,0,5,1,1,3,23474.0
0,25.0,1,3,19.0,3,1,2,3,0,3,1,2,0,3,1,1,1,17096.0
0,31.0,1,3,9.0,1,1,4,4,0,4,1,3,0,3,1,1,1,21154.0
0,50.0,0,3,18.0,3,0,3,3,3,3,3,5,0,5,0,0,3,24208.0
0,30.0,1,1,8.0,2,0,2,5,1,3,2,3,0,2,0,1,2,21091.0
0,44.0,1,1,16.0,2,1,2,3,1,3,1,3,1,3,0,1,2,21465.0
0,37.0,1,1,9.0,2,1,2,3,3,3,0,2,0,2,1,0,3,24434.0
0,45.0,0,3,8.0,2,0,3,3,1,3,1,5,0,1,1,2,2,20154.0
0,28.0,1,1,12.0,1,1,3,5,3,3,1,3,1,3,0,1,3,31486.0
0,32.0,1,3,17.0,3,0,3,4,1,3,1,4,1,1,0,1,2,25261.0
0,46.0,1,1,13.0,2,1,3,4,3,5,1,6,1,3,1,2,3,31923.0
0,22.0,1,1,14.0,2,1,3,5,0,5,0,2,0,2,1,0,1,17451.0
0,29.0,0,1,8.0,2,0,3,3,0,4,0,1,0,5,0,2,1,18180.0
0,33.0,0,1,14.0,2,1,4,2,0,4,1,3,0,1,0,2,1,21472.0
0,35.0,1,1,6.0,2,0,2,1,0,3,2,4,0,3,0,0,1,17506.0
0,38.0,0,3,28.0,3,0,3,4,0,3,1,7,0,1,1,1,1,21651.0
0,52.0,0,1,13.0,3,0,3,5,0,3,3,2,0,5,1,2,1,21516.0
0,25.0,0,1,18.0,2,0,4,2,1,3,1,2,0,5,0,2,2,22689.0
1,29.0,1,1,9.0,3,1,3,4,0,3,3,8,0,3,0,1,1,23060.0
0,54.0,1,3,14.0,3,0,4,5,3,3,0,2,1,2,0,1,3,29612.0
1,21.0,0,1,13.0,2,0,4,5,0,3,3,3,1,1,0,1,1,21604.0
0,33.0,1,3,14.0,3,1,2,3,1,3,1,1,0,2,1,1,2,22104.0
0,48.0,1,3,35.0,3,0,3,3,3,3,1,4,0,4,0,1,3,27504.0
0,36.0,1,3,9.0,3,0,3,4,3,3,1,1,0,3,1,0,3,22644.0
1,51.0,1,3,10.0,3,1,3,5,0,3,0,3,1,4,0,1,1,21361.0
1,39.0,1,3,11.0,1,1,2,3,1,3,1,4,0,1,0,0,2,17086.0
0,50.0,1,3,6.0,3,0,3,3,2,3,1,4,0,2,1,1,4,34517.0
0,47.0,0,1,7.0,3,1,3,5,3,5,0,4,1,2,1,2,3,29351.0
1,49.0,0,3,31.0,2,1,4,6,0,3,2,3,1,1,1,3,1,21237.0
1,35.0,1,1,17.0,3,1,3,4,1,5,3,3,0,4,0,1,2,24803.0
0,53.0,1,3,8.0,2,0,3,4,4,3,0,3,0,3,1,0,0,30427.0
0,39.0,0,1,9.0,2,0,4,2,1,5,3,8,1,2,1,3,2,24658.0
0,35.0,1,1,9.0,2,1,4,5,0,3,1,5,0,5,1,3,1,21446.0
0,35.0,1,1,17.0,3,1,2,3,0,3,1,1,1,5,0,0,1,17660.0
0,36.0,1,1,13.0,2,1,3,6,1,3,3,3,0,5,0,2,2,25324.0
0,46.0,1,3,6.0,3,0,3,3,3,5,1,2,0,2,1,1,3,25453.0
0,59.0,1,3,6.0,1,1,3,3,3,3,1,4,1,1,1,0,3,26904.0
0,42.0,1,3,13.0,3,1,3,4,3,3,3,3,0,5,1,1,3,27919.0
0,27.0,1,1,7.0,3,1,3,5,0,5,1,3,0,3,1,2,1,22633.0
0,38.0,0,3,26.0,3,1,3,4,3,4,3,3,1,5,0,1,3,26320.0
0,31.0,1,1,30.0,3,0,3,4,1,5,3,2,0,5,1,0,2,21812.0
0,32.0,1,1,30.0,3,1,4,5,1,3,0,2,0,3,1,2,2,24260.0
0,30.0,0,1,7.0,1,1,3,4,1,3,0,3,0,3,0,2,2,22997.0
0,36.0,1,3,15.0,2,0,4,4,0,3,0,3,0,3,0,1,1,21250.0
1,37.0,1,3,10.0,2,1,3,5,3,3,0,3,1,2,1,1,3,29003.0
0,59.0,1,1,24.0,3,1,3,3,3,3,3,7,0,3,1,1,3,25512.0
0,50.0,1,3,15.0,1,1,3,5,4,4,1,8,0,4,1,2,0,31798.0
0,40.0,1,1,7.0,3,0,4,4,0,3,1,2,0,3,0,2,1,20910.0
1,24.0,0,1,13.0,2,0,2,3,0,3,0,2,1,4,0,0,1,17886.0
0,59.0,1,3,9.0,2,0,2,4,1,3,2,6,0,3,0,0,2,20171.0
0,41.0,1,1,13.0,2,0,4,4,4,3,2,2,0,5,1,1,0,31915.0
0,40.0,1,2,9.0,2,0,3,5,1,3,1,2,0,3,1,1,2,23882.0
0,58.0,1,3,27.0,2,0,3,3,4,3,1,5,1,5,1,0,0,32875.0
0,32.0,1,1,8.0,3,0,3,1,1,3,2,1,0,3,0,0,2,20055.0
0,50.0,1,1,30.0,2,1,3,3,4,3,0,4,1,4,0,0,0,28973.0
1,41.0,1,1,18.0,1,0,2,3,2,3,0,2,0,4,1,0,4,34545.0
1,24.0,1,1,6.0,3,1,3,3,0,3,1,3,1,3,0,2,1,17293.0
0,51.0,1,1,8.0,3,1,2,5,1,4,1,6,0,1,0,1,2,20482.0
1,25.0,1,3,11.0,3,1,2,4,1,3,2,2,1,3,1,0,2,20744.0
0,26.0,1,1,12.0,2,0,2,4,0,4,0,2,0,3,1,0,1,17368.0
1,23.0,1,1,10.0,2,0,3,4,1,3,1,2,1,5,1,2,2,22849.0
0,41.0,0,3,9.0,3,1,4,4,1,4,0,7,0,4,1,3,2,23005.0
0,28.0,0,1,22.0,3,1,2,3,0,3,2,2,0,3,0,0,1,17144.0
0,34.0,1,3,6.0,3,1,3,1,1,3,1,1,0,5,0,1,2,24725.0
0,42.0,1,1,14.0,3,0,3,4,1,3,3,8,0,3,1,1,2,23681.0
0,41.0,1,1,9.0,2,0,3,4,0,5,1,6,0,4,1,2,1,22055.0
0,34.0,1,3,7.0,3,1,3,2,1,5,1,3,0,4,0,2,2,22715.0
0,23.0,1,1,10.0,3,1,2,1,0,5,1,3,0,4,0,1,1,17819.0
0,38.0,1,3,6.0,2,0,2,4,1,3,3,5,0,2,1,1,2,23686.0
0,40.0,1,1,13.0,2,0,3,4,3,4,3,6,0,3,0,2,3,27054.0
0,39.0,0,1,13.0,3,0,4,6,1,3,1,2,1,1,0,3,2,24007.0
0,41.0,1,1,11.0,2,1,2,1,1,4,3,4,0,5,1,0,2,21870.0
1,34.0,1,1,12.0,3,1,2,3,0,5,2,3,0,2,1,1,1,17960.0
0,50.0,1,1,15.0,2,1,3,3,0,3,0,5,0,5,1,0,1,17380.0
0,36.0,0,1,17.0,2,1,3,4,1,4,3,2,0,4,1,1,2,21499.0
0,59.0,1,3,17.0,3,1,3,4,4,3,2,2,0,3,1,2,0,32550.0
0,34.0,0,3,32.0,3,0,3,4,1,3,1,3,0,3,0,2,2,23217.0
1,49.0,1,3,17.0,3,0,2,3,3,3,0,2,0,4,0,1,3,22654.0
0,51.0,1,1,17.0,1,1,4,5,3,3,2,8,0,5,0,3,3,29174.0
1,30.0,1,1,7.0,1,1,3,4,0,3,2,2,0,2,0,1,1,20736.0
0,34.0,1,1,12.0,2,1,3,5,3,3,1,6,0,3,0,1,3,25797.0
0,60.0,1,3,7.0,1,1,4,4,3,3,1,5,1,1,1,1,3,30582.0
0,33.0,0,3,9.0,2,0,4,4,0,5,1,3,0,3,0,2,1,21505.0
0,40.0,0,1,11.0,3,0,3,4,1,3,3,2,0,3,1,1,2,23720.0
0,21.0,0,3,15.0,3,1,2,3,0,3,2,2,0,4,0,0,1,17610.0
0,31.0,0,1,10.0,2,1,3,4,0,3,1,6,0,3,1,1,1,20775.0
0,36.0,1,3,25.0,3,0,3,4,1,3,0,3,0,4,1,1,2,23279.0
0,37.0,0,3,10.0,3,1,3,5,3,3,0,6,0,2,0,2,3,28377.0
0,53.0,1,1,13.0,3,0,2,3,2,3,1,4,0,2,1,0,4,33606.0
0,31.0,0,1,9.0,3,0,3,4,0,3,2,2,0,4,1,1,1,21242.0
1,32.0,1,3,27.0,2,0,4,6,1,3,0,5,1,3,1,1,2,23237.0
1,30.0,0,2,14.0,2,0,3,4,0,3,1,7,0,5,1,2,1,17180.0
0,60.0,1,1,25.0,3,1,4,4,3,3,2,8,0,3,1,2,3,29190.0
0,29.0,1,1,14.0,2,0,2,5,1,5,1,4,0,1,0,0,2,24715.0
1,27.0,1,1,28.0,3,1,3,4,0,3,1,3,0,5,1,1,1,21055.0
1,44.0,1,3,16.0,3,0,3,6,1,3,3,2,0,2,1,2,2,24024.0
1,28.0,0,1,6.0,3,1,2,4,0,4,1,2,0,4,1,0,1,17596.0
0,28.0,1,1,24.0,1,1,3,4,0,4,1,2,1,4,0,1,1,21736.0
0,35.0,0,3,11.0,3,0,4,4,1,3,0,2,0,2,1,1,2,25216.0
0,39.0,0,1,36.0,2,0,3,4,1,3,2,3,0,3,1,1,2,21084.0
0,36.0,1,1,20.0,2,1,3,3,1,3,1,1,1,5,1,0,2,21586.0
0,34.0,1,1,8.0,3,1,3,1,0,3,1,1,1,1,0,1,1,17932.0
1,32.0,0,1,16.0,3,1,3,5,0,5,2,2,1,3,0,2,1,20999.0
0,45.0,0,1,8.0,3,1,3,4,4,3,1,1,0,4,1,2,0,31792.0
1,29.0,1,1,6.0,1,1,2,3,0,3,2,1,0,1,0,0,1,17058.0
0,41.0,1,1,20.0,2,1,2,3,0,3,1,5,0,4,1,1,1,17451.0
0,34.0,1,1,14.0,3,1,3,4,3,3,1,2,0,4,1,1,3,30369.0
0,35.0,1,3,8.0,3,0,3,3,0,3,1,2,0,1,1,2,1,17014.0
0,35.0,1,1,15.0,3,1,2,3,1,3,2,2,0,4,0,1,2,20098.0
0,43.0,0,2,9.0,3,1,4,2,1,5,1,2,0,1,1,2,2,24950.0
0,51.0,1,1,35.0,3,1,4,2,0,3,1,3,1,1,0,2,1,21899.0
0,46.0,1,1,8.0,2,1,2,3,3,3,1,4,0,1,1,1,3,23578.0
1,42.0,1,1,19.0,1,0,3,4,2,3,0,3,0,4,1,1,4,38223.0
0,41.0,1,3,8.0,2,0,3,3,4,5,0,1,0,5,1,1,0,31595.0
0,53.0,1,3,13.0,3,0,3,4,3,3,1,1,1,1,0,1,3,25934.0
0,47.0,1,1,8.0,3,0,2,3,4,3,0,4,0,5,1,0,0,32169.0
0,40.0,0,1,6.0,2,1,3,4,4,4,0,2,0,2,1,2,0,28503.0
0,35.0,1,1,15.0,2,1,3,4,1,4,3,1,0,2,1,2,2,21540.0
0,47.0,1,1,11.0,2,1,2,3,2,3,1,5,0,1,1,0,4,33300.0
1,29.0,1,3,33.0,3,0,2,3,3,3,1,2,0,3,0,0,3,22639.0
1,44.0,1,2,6.0,3,1,3,4,3,5,0,1,0,4,1,0,3,25482.0
1,35.0,0,1,23.0,1,1,3,6,0,5,1,3,1,3,1,1,1,20985.0
1,37.0,1,1,23.0,2,0,3,2,0,5,3,3,0,2,1,1,1,21421.0
0,33.0,0,1,20.0,2,0,4,5,0,4,0,3,0,5,0,1,1,21421.0
0,41.0,1,3,8.0,2,0,3,3,4,5,1,1,0,5,1,2,0,31595.0
0,42.0,0,3,32.0,3,0,3,3,4,4,1,6,0,3,1,1,0,28525.0
0,31.0,1,1,27.0,2,1,3,4,1,5,0,2,0,4,1,1,2,28635.0
0,28.0,1,1,13.0,3,0,4,5,0,3,1,2,0,1,0,2,1,20865.0
0,41.0,0,1,16.0,2,1,3,4,4,5,1,5,0,1,1,0,0,32181.0
0,30.0,1,1,13.0,3,0,3,4,0,3,0,3,0,3,0,1,1,21809.0
0,34.0,1,3,10.0,2,1,3,3,3,3,1,3,1,4,0,2,3,24713.0
0,30.0,1,3,33.0,3,1,3,3,1,3,1,1,0,3,1,2,2,20304.0
0,38.0,0,1,18.0,2,1,3,4,3,3,1,3,1,3,1,2,3,30863.0
0,45.0,1,1,36.0,2,1,3,4,1,3,3,3,0,5,1,2,2,23219.0
0,35.0,1,3,28.0,2,1,4,3,1,3,3,3,0,3,1,1,2,24015.0
0,32.0,1,1,27.0,2,1,3,4,1,3,1,3,0,5,0,1,2,22875.0
0,36.0,1,1,16.0,3,1,3,4,1,3,3,3,0,4,0,2,2,23776.0
0,38.0,0,1,8.0,2,0,3,1,1,5,2,7,1,2,1,2,2,20980.0
1,34.0,0,1,36.0,3,0,3,5,1,3,3,3,0,5,1,1,2,23186.0
0,38.0,1,1,7.0,2,0,4,4,1,4,1,8,0,1,1,3,2,25125.0
0,43.0,0,1,13.0,3,1,2,1,0,3,1,5,0,4,1,0,1,17089.0
0,52.0,1,3,21.0,2,0,3,4,1,3,1,6,0,3,1,1,2,23614.0
1,23.0,1,1,10.0,2,0,3,4,1,3,0,2,1,5,1,2,2,22849.0
1,33.0,1,1,21.0,3,1,2,3,3,3,0,1,1,5,0,0,3,28610.0
0,48.0,1,3,35.0,3,0,3,3,3,3,0,4,0,4,0,0,3,27504.0
1,37.0,1,2,12.0,2,1,3,3,0,5,1,5,1,2,1,0,1,17073.0
1,46.0,1,1,28.0,3,1,3,3,1,3,1,2,1,5,1,2,2,33789.0
1,19.0,1,3,27.0,2,1,2,4,0,4,2,2,1,1,1,1,1,17121.0
0,35.0,1,3,14.0,1,1,3,4,0,3,1,2,1,1,0,2,1,20986.0
0,33.0,1,1,15.0,3,0,4,2,1,3,1,7,0,3,1,3,2,23853.0
0,59.0,1,3,31.0,2,0,2,3,3,5,3,1,0,3,1,0,3,22637.0
0,33.0,0,3,15.0,3,0,3,4,3,3,3,3,0,4,1,2,3,27676.0
0,26.0,0,1,13.0,3,1,3,3,0,3,2,2,0,4,1,2,1,17570.0
0,52.0,1,1,8.0,2,0,2,4,0,3,2,1,0,3,0,0,1,18212.0
0,27.0,1,3,36.0,3,1,3,4,1,3,1,7,0,5,0,1,2,22984.0
0,29.0,1,1,16.0,3,1,4,4,0,3,0,3,0,2,1,2,1,20748.0
0,30.0,0,3,9.0,2,1,4,4,1,3,1,3,0,1,1,2,2,23327.0
0,37.0,1,1,13.0,2,0,3,3,1,3,0,5,0,2,0,1,2,21716.0
0,35.0,1,1,22.0,3,1,2,2,0,4,0,1,0,3,1,1,1,17426.0
0,35.0,1,1,9.0,2,1,3,5,1,5,0,8,0,4,0,2,2,24635.0
0,35.0,0,3,30.0,3,1,4,4,1,3,3,2,0,5,1,2,2,23246.0
1,51.0,1,1,10.0,2,1,2,3,0,3,0,1,1,2,1,1,1,17461.0
0,30.0,1,1,10.0,3,1,4,5,3,3,0,3,0,2,1,3,3,30613.0
0,34.0,0,3,8.0,3,0,3,3,0,3,0,7,0,5,1,2,1,17231.0
0,33.0,0,1,36.0,3,0,4,4,0,3,3,2,0,3,1,3,1,22703.0
0,30.0,1,3,11.0,3,0,1,4,1,3,1,2,0,2,0,0,2,21118.0
0,33.0,1,1,12.0,2,1,4,3,0,4,1,2,1,2,1,1,1,21976.0
1,30.0,1,1,7.0,2,0,3,5,0,5,0,3,1,2,0,1,1,20997.0
1,59.0,1,1,30.0,3,0,4,4,3,3,0,3,0,3,1,1,3,28990.0
0,53.0,1,1,9.0,3,1,2,3,4,3,0,4,1,5,0,0,0,32584.0
1,34.0,1,1,32.0,3,1,3,5,0,4,2,6,1,4,0,1,1,20991.0
1,20.0,0,3,15.0,3,0,2,3,0,3,2,2,1,4,1,0,1,17323.0
0,42.0,1,1,8.0,3,1,2,3,4,5,0,1,0,3,1,1,0,32665.0
0,27.0,0,1,13.0,2,1,4,2,0,3,1,2,0,4,1,2,1,21222.0
0,45.0,1,1,9.0,2,0,4,2,0,3,1,3,0,4,1,3,1,20689.0
0,32.0,0,1,14.0,2,0,3,5,3,3,1,3,0,1,1,1,3,27621.0
1,31.0,0,1,16.0,3,1,3,4,0,5,3,4,1,3,0,2,1,23373.0
0,45.0,1,1,17.0,2,1,3,4,1,3,1,4,1,3,0,2,2,25143.0
1,44.0,1,3,7.0,2,1,2,5,1,4,2,7,0,3,0,1,2,17362.0
0,42.0,1,1,8.0,3,0,2,4,0,5,1,1,1,4,1,0,1,17593.0
0,39.0,1,3,9.0,3,1,3,4,3,4,3,2,0,4,1,1,3,26029.0
0,58.0,1,1,15.0,3,0,3,4,0,4,0,5,1,2,1,0,1,18346.0
0,27.0,1,1,13.0,3,0,2,4,1,5,3,1,0,3,1,0,2,21811.0
0,38.0,1,3,16.0,2,0,3,3,1,3,1,2,0,4,0,2,2,20343.0
0,42.0,0,1,11.0,2,1,3,3,0,3,1,5,0,3,0,1,1,17093.0
1,31.0,0,3,10.0,3,0,4,4,0,3,3,3,1,5,1,2,1,23305.0
1,50.0,0,3,14.0,1,1,2,3,1,3,1,4,1,5,0,0,2,21796.0
0,43.0,1,1,31.0,3,1,3,4,3,5,0,3,1,2,1,2,3,26084.0
0,27.0,1,1,11.0,1,1,2,4,3,3,1,2,1,3,0,0,3,27808.0
0,38.0,0,1,16.0,3,1,3,4,0,3,0,3,1,2,0,1,1,21004.0
0,35.0,1,3,6.0,3,1,3,3,3,4,0,2,0,4,1,2,3,22295.0
0,31.0,0,1,7.0,2,1,3,5,3,3,3,3,0,5,1,2,3,27152.0
1,42.0,0,1,12.0,2,1,4,5,0,5,1,8,0,3,0,2,1,20785.0
0,37.0,0,1,7.0,3,0,3,5,1,3,1,2,0,5,1,2,2,23052.0
0,51.0,1,3,32.0,3,0,3,3,4,3,1,3,0,3,1,1,0,31307.0
0,41.0,0,1,33.0,3,0,4,5,1,3,1,5,1,1,0,2,2,23100.0
0,42.0,1,1,8.0,2,1,3,4,1,3,3,4,0,1,1,0,2,21781.0
0,28.0,1,1,7.0,2,0,4,4,3,5,0,3,0,4,1,3,3,26090.0
0,34.0,1,1,35.0,2,1,4,4,1,3,1,3,1,1,1,1,2,23885.0
0,23.0,1,1,18.0,3,0,3,4,0,4,0,3,0,2,1,1,1,20922.0
0,29.0,1,1,14.0,3,1,3,4,1,3,0,2,1,3,0,0,2,20056.0
0,49.0,1,1,9.0,1,1,4,2,0,4,2,7,0,2,0,3,1,21237.0
0,31.0,0,1,30.0,2,1,4,6,0,3,1,3,0,3,0,1,1,21291.0
0,53.0,1,3,14.0,3,1,3,3,4,3,1,6,0,3,1,0,0,26836.0
0,30.0,1,1,14.0,2,1,3,4,0,5,2,5,0,4,0,1,1,20740.0
0,31.0,1,1,8.0,3,0,2,5,0,3,1,2,1,5,1,0,1,16129.0
0,44.0,1,1,34.0,2,1,2,3,4,5,0,4,0,1,1,0,0,31328.0
0,45.0,1,1,6.0,2,1,3,2,2,3,0,1,0,4,1,2,4,34202.0
0,34.0,1,1,11.0,3,0,3,5,0,4,0,2,0,1,0,1,1,22516.0
1,39.0,1,1,36.0,3,1,4,4,1,5,0,2,1,3,0,2,2,25351.0
0,31.0,1,3,17.0,3,1,4,5,1,3,0,3,0,2,1,1,2,25256.0
0,34.0,1,3,20.0,1,0,2,3,0,3,1,2,1,5,1,1,1,17579.0
0,53.0,0,3,127.0,2,1,3,4,0,3,1,4,0,1,1,2,1,22160.0
0,38.0,1,3,16.0,3,1,3,4,3,3,1,1,1,3,1,0,3,23740.0
0,54.0,1,1,8.0,1,0,2,3,3,3,0,1,0,4,1,0,3,28549.0
0,36.0,0,3,16.0,3,1,2,3,3,3,3,2,0,2,1,1,3,24980.0
1,44.0,1,1,21.0,3,0,3,3,3,3,0,2,0,3,0,1,3,22978.0
0,36.0,0,3,21.0,3,1,2,5,1,3,1,2,0,1,1,0,2,20406.0
0,37.0,0,1,25.0,3,0,4,4,0,3,2,3,0,3,0,2,1,20831.0
1,33.0,1,3,11.0,3,1,3,6,3,3,1,3,0,1,1,1,3,29078.0
0,38.0,1,1,7.0,3,0,3,5,0,5,0,4,0,4,1,2,1,22598.0
1,22.0,0,1,9.0,2,1,2,4,0,3,1,1,1,3,0,1,1,17853.0
1,48.0,0,1,36.0,2,1,3,4,3,4,0,3,1,3,1,1,3,30527.0
0,44.0,0,1,17.0,2,0,3,4,0,3,2,2,0,5,0,1,1,21133.0
0,43.0,0,1,33.0,3,0,3,4,3,5,0,5,1,3,0,2,3,31869.0
0,36.0,1,1,23.0,2,1,4,4,3,3,0,6,1,2,0,2,3,26310.0
0,26.0,1,1,29.0,2,0,2,3,0,3,1,2,0,3,1,1,1,17886.0
0,35.0,1,1,9.0,3,1,4,2,0,3,1,2,1,1,0,2,1,21610.0
0,29.0,1,3,9.0,3,0,3,3,1,3,1,2,0,1,0,0,2,20561.0
0,37.0,1,1,13.0,3,1,1,3,3,3,2,5,0,1,0,0,3,28664.0
1,23.0,0,1,10.0,2,1,3,5,0,3,0,2,1,3,0,1,1,21531.0
0,28.0,0,1,10.0,3,1,3,4,0,3,0,3,0,2,1,1,1,20384.0
0,35.0,0,1,9.0,2,1,3,5,1,3,1,3,0,4,0,2,2,28225.0
1,45.0,1,2,7.0,3,1,4,5,3,5,1,2,0,4,1,1,3,29160.0
0,34.0,1,3,13.0,1,1,2,3,0,3,1,1,1,1,0,1,1,17308.0
0,29.0,0,1,13.0,2,1,3,5,0,3,1,3,1,4,1,2,1,21381.0
0,36.0,1,1,16.0,1,0,3,3,3,3,0,4,0,3,0,2,3,22094.0
0,34.0,1,1,15.0,2,1,2,3,3,3,1,1,0,5,1,1,3,23500.0
1,34.0,1,1,7.0,2,1,4,4,0,3,3,3,1,3,1,1,1,21364.0
1,42.0,0,1,7.0,2,0,3,1,3,4,2,2,0,3,1,0,3,17372.0
0,29.0,0,3,6.0,3,0,2,3,3,3,1,2,0,3,1,1,3,22918.0
0,43.0,1,1,20.0,3,1,4,2,1,5,1,7,0,4,1,1,2,24216.0
0,42.0,1,1,30.0,3,1,2,3,3,5,1,2,1,1,1,0,3,22406.0
0,33.0,1,1,11.0,2,0,3,4,0,3,0,2,0,2,0,2,1,17911.0
0,54.0,1,1,9.0,2,1,2,3,4,3,0,4,0,5,1,1,0,32779.0
0,27.0,1,1,12.0,2,1,2,4,0,3,1,2,0,1,1,1,1,17539.0
0,39.0,1,1,30.0,2,1,3,4,1,3,1,2,0,3,0,2,2,24423.0
0,38.0,0,3,7.0,3,1,3,6,1,3,1,3,0,1,0,2,2,28203.0
1,22.0,0,3,7.0,1,0,4,5,0,4,2,3,1,5,1,3,1,20852.0
0,51.0,1,1,31.0,2,1,4,4,4,3,1,5,1,4,1,3,0,32651.0
1,49.0,1,3,17.0,3,0,2,3,3,3,1,2,0,4,0,0,3,22654.0
0,30.0,0,3,9.0,2,1,3,4,1,3,3,3,0,2,0,1,2,23232.0
0,47.0,1,1,7.0,3,1,4,4,3,5,1,2,0,1,0,3,3,28074.0
1,29.0,1,1,14.0,2,1,3,5,0,5,0,2,1,3,1,1,1,17119.0
0,35.0,1,1,8.0,2,1,2,4,3,4,1,3,0,4,1,0,3,25274.0
0,36.0,1,3,6.0,2,1,2,3,1,3,1,2,1,3,1,1,2,21201.0
0,46.0,1,1,14.0,3,0,3,4,0,3,0,6,1,3,1,1,1,23155.0
1,24.0,1,3,6.0,1,0,3,3,0,4,2,2,1,4,0,0,1,18202.0
0,46.0,0,3,9.0,2,0,4,4,1,3,1,6,0,1,1,3,2,23832.0
1,25.0,1,1,7.0,3,1,4,4,0,3,0,4,1,3,1,3,1,20971.0
0,43.0,1,1,21.0,2,1,3,4,4,3,1,2,0,3,1,1,0,32603.0
0,29.0,1,3,8.0,3,1,3,4,1,4,1,3,0,4,1,0,2,21644.0
0,22.0,1,1,10.0,3,1,4,5,0,3,3,3,0,5,1,3,1,21908.0
0,54.0,1,1,11.0,3,1,2,3,2,5,1,5,0,4,1,0,4,34406.0
0,56.0,1,1,15.0,3,1,2,3,4,3,1,1,0,4,0,0,0,26103.0
0,39.0,0,1,36.0,2,0,3,4,1,3,2,3,0,3,1,1,2,21084.0
0,36.0,0,3,7.0,3,0,4,4,3,3,3,3,0,5,1,1,3,27467.0
0,42.0,1,3,13.0,2,0,4,4,3,3,2,5,1,2,0,2,3,32269.0
0,25.0,1,3,34.0,2,1,2,4,1,3,1,3,0,4,1,1,2,23639.0
0,37.0,1,3,16.0,2,0,2,4,1,3,1,3,1,4,1,1,2,21694.0
0,42.0,1,1,6.0,2,0,2,4,1,3,0,1,1,3,0,1,2,21062.0
0,42.0,1,3,10.0,3,1,2,3,1,5,2,1,0,5,1,0,2,20155.0
0,30.0,1,3,11.0,2,0,2,3,3,3,1,3,0,4,1,1,3,24419.0
1,21.0,1,1,11.0,1,1,3,4,0,5,3,3,0,3,1,2,1,21651.0
0,41.0,0,1,8.0,2,0,3,4,1,3,3,3,1,2,0,0,2,21811.0
1,19.0,0,3,12.0,3,1,4,4,0,4,2,3,1,4,1,1,1,20556.0
0,42.0,1,2,8.0,1,1,2,3,0,3,1,1,1,4,1,1,1,17696.0
0,32.0,0,1,17.0,3,0,3,4,3,3,1,6,0,1,1,2,3,29709.0
1,33.0,1,3,15.0,3,0,3,3,1,5,3,1,1,3,0,1,2,23224.0
0,40.0,0,1,22.0,3,1,2,4,1,3,2,7,0,5,1,1,2,20094.0
0,33.0,1,1,13.0,3,1,2,3,3,3,1,1,0,4,1,0,3,26691.0
0,33.0,1,1,6.0,3,0,3,1,4,3,1,5,0,1,1,0,0,31184.0
0,48.0,1,1,9.0,3,0,4,4,1,3,1,7,0,1,0,1,2,23748.0
1,44.0,1,3,15.0,2,1,3,4,0,5,1,4,0,1,1,2,1,34190.0
1,35.0,1,1,8.0,2,0,3,3,0,5,1,2,1,1,1,1,1,17074.0
0,35.0,1,1,6.0,3,1,1,4,0,3,2,2,0,4,1,0,1,17859.0
1,34.0,0,1,15.0,2,1,3,3,1,5,1,5,0,3,0,1,2,20346.0
0,37.0,0,1,18.0,2,1,4,5,1,4,3,3,0,4,1,2,2,25177.0
0,38.0,1,1,12.0,3,1,4,4,1,3,1,2,0,3,0,1,2,25025.0
0,56.0,1,1,15.0,3,0,3,4,4,3,1,4,1,3,0,2,0,33434.0
1,23.0,0,3,7.0,2,0,2,3,0,4,2,2,1,5,1,1,1,16223.0
0,48.0,0,3,10.0,3,0,3,4,4,3,1,2,1,5,1,1,0,32448.0
1,48.0,0,3,30.0,2,1,3,5,0,3,2,2,1,1,1,2,1,17559.0
0,34.0,0,3,7.0,2,0,3,3,1,5,0,4,0,3,1,1,2,24054.0
0,35.0,1,1,6.0,2,0,3,5,0,3,1,2,0,3,0,1,1,17977.0
1,42.0,1,1,19.0,1,0,3,4,2,3,1,3,0,4,1,2,4,38223.0
0,51.0,0,1,27.0,3,1,3,4,4,3,1,4,1,4,1,2,0,29923.0
0,36.0,1,1,7.0,3,1,2,5,0,3,3,3,0,4,1,1,1,21537.0
0,44.0,0,1,23.0,2,1,3,5,0,3,2,3,0,4,1,0,1,17290.0
0,34.0,1,1,14.0,3,0,3,3,1,3,2,4,0,4,0,1,2,21142.0
0,32.0,1,3,6.0,3,1,3,4,0,4,1,1,0,1,0,2,1,17269.0
0,52.0,1,1,10.0,2,0,1,3,4,3,0,3,0,5,1,0,0,31555.0
0,46.0,1,1,7.0,3,0,4,4,0,3,1,5,0,5,1,1,1,20948.0
0,50.0,1,1,8.0,3,1,3,3,2,3,0,3,1,2,1,1,4,34237.0
0,34.0,0,3,15.0,2,0,3,5,0,3,2,2,0,2,1,2,1,21020.0
0,52.0,1,1,9.0,3,1,3,6,1,4,1,7,0,1,0,2,2,24160.0
0,45.0,1,1,26.0,3,1,3,5,3,5,1,3,1,3,0,0,3,25851.0
0,46.0,1,1,8.0,2,1,2,3,4,3,0,7,0,5,0,0,0,32861.0
0,39.0,1,1,15.0,3,1,2,3,1,5,1,2,0,4,1,0,2,20151.0
0,38.0,0,1,14.0,3,0,2,4,1,4,1,2,1,1,1,0,2,17133.0
0,35.0,1,3,15.0,2,0,4,4,1,5,0,7,0,2,1,1,2,25178.0
0,60.0,1,2,13.0,3,1,3,4,0,3,0,2,0,4,1,1,1,20945.0
0,31.0,1,1,6.0,3,1,2,3,0,4,2,2,0,3,1,0,1,17501.0
0,39.0,1,1,7.0,2,0,3,2,1,3,3,2,0,1,0,1,2,26303.0
0,44.0,1,1,6.0,3,1,2,3,0,3,2,7,1,4,0,1,1,17436.0
0,41.0,0,1,7.0,2,1,4,5,4,4,1,3,0,1,1,2,0,32181.0
0,29.0,0,1,16.0,2,0,3,3,0,4,1,1,0,5,0,0,1,18291.0
0,28.0,0,1,16.0,3,1,3,4,0,4,1,8,0,3,0,1,1,20702.0
0,28.0,1,1,6.0,2,1,3,4,0,3,1,2,0,4,0,1,1,16563.0
0,43.0,0,1,9.0,3,1,3,4,0,3,2,7,1,2,0,2,1,21193.0
0,42.0,1,1,29.0,2,0,2,3,4,3,2,3,0,3,0,0,0,30992.0
0,49.0,1,1,27.0,3,1,3,4,0,3,1,6,0,1,1,1,1,20937.0
0,39.0,0,1,30.0,2,1,3,5,3,3,3,2,0,3,0,1,3,28204.0
0,37.0,1,1,6.0,1,0,2,3,3,3,3,5,0,5,1,1,3,22491.0
0,29.0,0,3,26.0,1,0,2,3,0,3,1,2,0,3,0,1,1,17157.0
0,46.0,1,1,36.0,1,1,3,4,3,3,0,6,1,5,1,1,3,28058.0
1,43.0,0,3,19.0,2,1,3,4,4,5,2,2,1,5,1,2,0,32436.0
0,48.0,1,3,22.0,2,0,3,3,1,3,1,1,0,4,1,0,2,21439.0
0,39.0,1,1,7.0,2,0,3,4,3,3,3,6,1,1,0,2,3,26539.0
0,27.0,1,1,22.0,1,0,2,3,0,4,0,1,0,2,1,0,1,17811.0
0,35.0,0,1,17.0,2,1,3,2,1,3,1,3,0,4,1,1,2,23402.0
0,28.0,1,1,8.0,2,1,3,4,0,4,0,1,0,2,0,2,1,18201.0
0,59.0,0,1,22.0,2,1,3,4,4,3,1,4,1,1,1,1,0,34465.0
0,57.0,1,3,35.0,3,1,2,4,4,3,1,4,0,3,1,0,0,29118.0
0,38.0,1,1,23.0,2,0,3,4,3,3,0,1,0,2,0,2,3,23823.0
0,49.0,1,1,31.0,2,0,2,3,0,5,1,2,0,3,0,0,1,18211.0
0,45.0,0,3,12.0,3,0,2,4,3,3,3,7,0,4,1,0,3,23865.0
0,31.0,0,1,16.0,3,0,2,3,3,3,1,5,0,1,1,1,3,26031.0
1,36.0,1,3,16.0,3,1,2,4,3,5,1,1,0,5,0,0,3,22094.0
1,21.0,1,3,18.0,2,0,2,1,0,4,2,2,0,5,0,1,1,17716.0
0,38.0,0,1,7.0,3,0,2,4,3,3,1,4,1,3,0,1,3,32281.0
0,30.0,1,3,17.0,3,1,3,5,1,3,3,2,0,4,1,1,2,24547.0
0,33.0,0,1,20.0,2,0,4,5,0,4,1,3,0,5,1,1,1,21421.0
1,29.0,1,1,6.0,2,0,2,4,0,5,0,2,1,2,0,0,1,17319.0
1,37.0,1,1,16.0,3,1,4,5,0,3,1,2,1,1,1,3,1,22066.0
0,42.0,1,1,21.0,2,1,3,4,0,3,1,6,0,4,1,2,1,21129.0
0,33.0,1,1,11.0,2,0,3,4,0,3,1,2,0,1,0,0,1,17911.0
1,41.0,1,1,16.0,2,1,3,4,0,5,2,5,0,1,1,2,1,20696.0
0,43.0,0,1,16.0,2,0,2,4,1,3,1,2,0,3,1,0,2,20257.0
1,43.0,0,1,8.0,2,1,3,3,0,3,1,7,1,3,0,0,1,25231.0
0,23.0,1,1,15.0,3,1,2,3,0,5,1,2,0,3,1,0,1,17500.0
0,39.0,1,2,8.0,2,0,2,4,1,3,0,1,0,3,0,0,2,20204.0
0,19.0,1,1,9.0,3,0,3,3,0,4,2,2,0,3,1,2,1,16483.0
0,54.0,1,3,7.0,3,0,3,4,1,5,3,2,0,2,1,2,2,27059.0
0,24.0,1,1,23.0,2,1,3,4,0,4,1,2,0,3,1,1,1,17127.0
0,46.0,1,2,11.0,2,0,3,6,3,3,1,6,0,1,1,2,3,28434.0
0,27.0,1,3,17.0,3,1,3,4,1,3,3,3,0,1,0,1,2,23362.0
0,33.0,1,1,36.0,2,0,3,5,0,4,3,3,0,3,1,1,1,21515.0
0,35.0,1,3,23.0,2,1,3,3,1,5,0,4,1,3,1,1,2,23966.0
0,32.0,1,1,7.0,3,1,3,4,0,4,2,3,0,3,0,1,1,21179.0
0,30.0,1,1,8.0,3,1,2,4,0,3,2,1,0,4,0,0,1,17720.0
0,35.0,0,1,7.0,3,1,4,5,1,5,3,2,0,2,1,3,2,24021.0
0,40.0,1,1,8.0,3,0,2,4,0,3,2,1,1,3,0,0,1,17342.0
0,46.0,1,1,15.0,2,1,4,4,1,3,0,2,0,3,1,1,2,22375.0
0,41.0,1,1,9.0,3,0,4,5,1,3,1,8,0,5,1,2,2,22126.0
0,18.0,0,1,6.0,2,0,3,3,0,3,2,2,0,5,1,1,1,16611.0
0,36.0,1,2,33.0,2,0,3,4,3,3,3,3,1,1,1,1,3,27515.0
0,39.0,1,2,8.0,2,0,2,4,1,3,1,1,0,3,1,0,2,20204.0
0,31.0,0,3,8.0,2,0,2,3,3,3,1,2,1,1,1,0,3,24852.0
0,52.0,1,1,9.0,3,1,2,4,3,3,0,3,1,2,0,0,3,22969.0
1,25.0,1,3,7.0,1,0,4,4,0,4,3,3,1,4,0,1,1,21880.0
0,61.0,1,3,14.0,3,1,3,2,1,3,1,2,1,5,0,1,2,23898.0
0,37.0,1,1,10.0,2,0,3,4,0,3,1,7,0,1,0,2,1,21513.0
0,55.0,0,1,24.0,3,1,3,3,1,4,0,4,1,5,1,2,2,21385.0
0,38.0,0,1,16.0,3,1,3,4,0,3,1,3,1,1,0,2,1,21004.0
0,33.0,0,3,6.0,2,0,2,2,1,5,0,3,0,3,1,0,2,20376.0
0,35.0,1,1,14.0,2,0,3,4,3,4,2,2,0,3,1,1,3,30672.0
0,55.0,1,1,8.0,2,0,3,3,4,3,2,3,1,5,0,0,0,31659.0
0,30.0,1,1,30.0,2,1,3,2,0,3,1,3,0,1,1,2,1,21378.0
0,40.0,1,1,10.0,3,0,2,3,2,3,1,2,0,5,1,1,4,34033.0
0,33.0,1,3,13.0,3,1,3,4,1,3,3,3,0,5,1,1,2,23688.0
0,35.0,1,3,13.0,2,0,2,3,1,3,1,2,1,4,1,1,2,20204.0
0,33.0,1,3,9.0,3,1,3,4,1,4,0,2,1,1,0,2,2,22756.0
1,43.0,0,1,26.0,3,1,3,2,0,3,1,8,1,3,0,1,1,21437.0
0,40.0,1,3,11.0,2,0,3,5,1,3,0,6,0,5,1,1,2,24580.0
0,37.0,1,3,8.0,3,1,3,3,1,3,0,5,1,3,0,1,2,24602.0
0,28.0,1,3,17.0,3,0,4,5,1,3,0,3,1,3,1,3,2,24447.0
0,26.0,1,3,17.0,2,1,3,4,1,3,3,2,0,2,0,2,2,23628.0
0,35.0,1,3,22.0,3,1,3,3,3,4,0,1,0,2,1,2,3,23020.0
0,58.0,0,3,8.0,3,1,2,3,4,4,1,5,0,4,1,0,0,17705.0
1,33.0,1,3,15.0,3,0,3,3,1,5,3,1,1,3,0,0,2,23224.0
0,40.0,1,1,22.0,2,0,2,3,3,3,3,7,1,4,1,0,3,22945.0
0,30.0,1,3,33.0,3,1,2,3,1,3,1,1,0,3,1,0,2,20304.0
0,32.0,1,1,11.0,2,0,3,4,1,4,1,4,0,3,1,0,2,20878.0
0,29.0,1,1,24.0,3,1,4,4,1,5,1,3,0,2,0,1,2,23236.0
0,37.0,1,1,34.0,3,1,4,4,1,3,1,8,0,3,0,1,2,23915.0
0,27.0,1,3,7.0,2,1,3,4,1,3,1,3,0,5,0,2,2,23974.0
0,33.0,1,1,7.0,2,1,4,4,1,4,1,3,0,3,1,1,2,24898.0
0,31.0,1,3,35.0,3,0,3,4,1,3,1,2,0,3,1,0,2,20468.0
1,29.0,1,1,9.0,3,1,3,6,0,3,0,7,1,3,1,1,1,22142.0
0,36.0,1,3,9.0,3,0,4,4,0,3,1,3,0,1,1,3,1,20692.0
0,27.0,0,1,9.0,3,1,3,4,0,3,1,2,1,1,0,2,1,17566.0
0,32.0,1,1,9.0,2,0,2,3,3,3,3,4,0,2,1,1,3,26159.0
0,28.0,0,1,22.0,2,0,4,5,0,5,1,2,0,4,1,1,1,23452.0
0,34.0,0,1,13.0,2,1,2,4,1,3,1,5,0,5,1,1,2,26403.0
0,47.0,1,1,11.0,2,1,2,3,2,3,0,5,0,2,0,1,4,33300.0
0,24.0,1,1,27.0,2,1,4,4,1,3,2,2,0,4,1,3,2,20950.0
0,36.0,1,2,15.0,1,1,4,4,0,3,3,3,0,5,0,2,1,23001.0
1,35.0,0,1,24.0,1,1,3,5,0,3,1,2,1,5,1,2,1,27178.0
0,39.0,1,3,16.0,3,1,4,5,0,4,0,2,0,4,0,1,1,21577.0
0,23.0,1,1,15.0,3,1,2,3,0,5,0,2,0,3,0,1,1,17500.0
0,38.0,1,1,7.0,2,1,3,5,1,3,1,3,0,5,0,1,2,24671.0
0,25.0,1,3,14.0,2,0,2,3,1,3,1,1,1,1,1,1,2,19907.0
0,38.0,1,1,6.0,2,0,2,3,0,5,2,4,0,2,1,1,1,17619.0
1,27.0,1,1,14.0,3,0,3,5,3,5,1,2,1,4,1,2,3,21553.0
0,37.0,1,1,11.0,3,1,3,3,1,3,1,1,0,3,1,2,2,21347.0
0,42.0,1,1,18.0,3,1,2,3,0,4,1,1,0,1,1,1,1,17766.0
0,28.0,1,1,15.0,3,0,3,3,0,3,1,6,0,3,1,1,1,17377.0
0,24.0,1,1,17.0,3,1,4,3,0,3,3,3,0,2,1,2,1,22183.0
0,39.0,1,1,16.0,3,1,2,3,4,5,0,2,1,3,1,1,0,32068.0
0,31.0,0,1,7.0,2,1,3,5,3,3,3,3,0,5,1,2,3,27152.0
0,37.0,1,3,10.0,3,0,4,5,3,3,1,2,0,3,1,1,3,26322.0
0,29.0,1,1,9.0,3,1,3,4,3,3,0,2,0,2,1,2,3,26935.0
0,36.0,1,1,16.0,2,0,4,5,3,3,0,3,1,4,1,2,3,29363.0
0,45.0,1,2,30.0,3,1,2,3,0,4,2,2,0,4,0,0,1,17177.0
0,60.0,1,1,10.0,2,1,4,5,0,3,1,5,0,3,0,1,1,20855.0
0,34.0,0,1,7.0,2,0,3,2,1,4,1,3,1,3,1,1,2,24166.0
0,36.0,1,1,16.0,2,1,4,5,1,4,3,2,0,1,0,2,2,25218.0
1,27.0,0,2,28.0,2,0,2,4,0,4,1,2,0,1,1,0,1,17863.0
0,30.0,1,1,30.0,2,1,3,4,0,3,2,2,0,3,1,1,1,20879.0
0,34.0,1,1,14.0,3,1,3,4,3,3,0,2,0,4,0,1,3,30369.0
0,56.0,1,3,7.0,2,1,4,4,3,3,0,5,0,2,0,2,3,28917.0
0,32.0,0,3,27.0,3,0,3,4,1,3,1,3,0,1,1,2,2,25610.0
0,44.0,1,1,15.0,2,0,3,4,1,4,1,6,0,3,1,1,2,23443.0
0,45.0,1,1,16.0,2,1,3,3,0,3,1,4,0,5,0,2,1,17654.0
1,32.0,1,1,29.0,3,1,4,4,1,3,0,3,1,5,1,1,2,24857.0
0,37.0,1,1,13.0,3,1,3,4,1,4,1,8,0,4,0,2,2,23619.0
0,35.0,0,1,17.0,3,1,3,4,3,5,1,3,1,5,1,2,3,24884.0
0,48.0,0,1,10.0,3,1,2,4,4,3,1,3,0,5,1,1,0,30202.0
1,34.0,0,1,10.0,2,1,4,4,0,5,3,3,1,5,1,3,1,22026.0
1,37.0,1,2,12.0,2,1,3,3,0,5,1,5,1,1,0,2,1,17073.0
1,34.0,0,3,12.0,3,0,2,5,0,3,1,1,0,4,1,1,1,17351.0
0,41.0,1,3,16.0,3,1,3,4,1,5,1,2,0,3,1,2,2,24151.0
1,20.0,1,1,16.0,3,1,2,3,0,3,2,2,1,5,0,0,1,16009.0
0,34.0,1,1,15.0,3,0,2,4,3,4,3,2,0,1,1,0,3,23621.0
0,41.0,1,3,12.0,2,0,3,3,3,3,2,4,1,1,0,0,3,28591.0
0,26.0,1,2,31.0,2,0,3,3,0,3,1,2,0,4,1,1,1,17942.0
0,53.0,1,1,11.0,2,0,2,3,2,3,1,5,0,4,1,0,4,34094.0
1,43.0,1,3,15.0,3,0,2,5,1,3,2,1,0,1,0,0,2,20346.0
0,31.0,1,3,13.0,1,1,3,1,1,3,1,5,0,1,1,1,2,21929.0
1,34.0,0,3,25.0,3,1,3,1,1,3,2,1,1,1,0,0,2,20304.0
0,29.0,1,1,23.0,3,1,4,3,1,5,3,2,0,5,0,3,2,24339.0
0,35.0,0,3,9.0,3,0,4,4,0,3,0,8,0,5,1,3,1,20909.0
0,55.0,1,3,6.0,2,1,3,3,3,3,1,4,0,1,0,2,3,25239.0
0,36.0,0,3,16.0,3,1,2,3,3,3,3,2,0,1,1,1,3,24980.0
0,28.0,1,1,13.0,3,0,4,5,0,3,1,2,0,2,1,2,1,20865.0
0,38.0,1,1,18.0,3,0,4,4,0,3,3,6,0,3,0,2,1,22307.0
0,42.0,1,3,30.0,2,1,4,4,3,3,3,5,1,3,0,3,3,25760.0
0,40.0,1,3,8.0,2,0,3,3,2,3,1,1,0,3,1,0,4,33041.0
1,31.0,0,1,12.0,3,0,3,4,0,4,2,2,0,3,0,1,1,21100.0
1,29.0,1,1,15.0,2,0,3,5,0,4,2,3,0,4,0,2,1,20832.0
0,43.0,0,1,35.0,1,0,3,5,1,3,0,2,0,3,0,1,2,23201.0
0,54.0,1,1,20.0,3,0,3,2,1,5,1,3,0,1,1,1,2,23128.0
0,38.0,1,1,13.0,3,1,3,2,1,5,1,6,1,3,1,2,2,24652.0
0,28.0,0,1,7.0,1,1,3,5,1,5,0,7,0,3,0,2,2,22976.0
0,26.0,1,3,15.0,2,0,3,4,1,3,1,2,1,1,1,2,2,23585.0
0,50.0,1,1,10.0,3,0,3,5,1,5,0,6,0,3,1,2,2,23467.0
0,30.0,1,3,13.0,3,1,2,3,0,4,2,1,0,2,1,0,1,17983.0
1,56.0,1,3,9.0,3,1,3,4,1,3,3,6,0,1,1,1,2,23838.0
0,55.0,1,1,9.0,1,0,3,4,3,3,0,2,0,4,1,1,3,32227.0
1,21.0,1,3,9.0,3,0,3,5,0,3,2,3,0,4,0,2,1,20722.0
1,32.0,0,1,22.0,3,1,4,4,0,3,0,3,0,4,1,3,1,21288.0
0,42.0,1,1,9.0,2,0,3,1,1,3,1,3,1,5,1,0,2,20231.0
0,44.0,1,1,18.0,2,1,2,4,3,3,1,3,0,1,1,1,3,26188.0
0,42.0,1,1,16.0,2,1,4,4,0,5,0,4,0,2,0,3,1,20916.0
1,23.0,1,1,12.0,2,1,3,1,0,5,0,2,1,3,1,2,1,16601.0
1,28.0,1,1,30.0,3,1,2,3,0,4,1,2,1,1,0,0,1,17408.0
0,50.0,1,1,14.0,2,1,3,4,3,4,1,5,0,4,0,2,3,29144.0
1,33.0,1,3,11.0,3,0,2,3,0,3,2,2,1,1,0,1,1,17851.0
0,55.0,1,1,8.0,1,1,3,4,0,3,1,1,0,5,0,0,1,17662.0
0,38.0,0,2,16.0,2,1,3,3,1,3,1,4,0,3,0,2,2,21077.0
0,55.0,1,2,26.0,3,1,3,4,3,4,0,4,0,3,1,1,3,29403.0
0,38.0,1,3,9.0,3,1,4,4,1,3,0,6,1,3,0,2,2,28280.0
0,43.0,1,1,13.0,2,0,2,3,3,5,1,1,0,5,1,0,3,24985.0
0,42.0,0,1,8.0,2,1,2,3,4,3,0,1,1,4,0,1,0,32861.0
0,29.0,1,1,8.0,2,1,3,3,0,4,1,1,0,4,1,0,1,17703.0
1,30.0,1,1,32.0,1,0,4,5,0,4,0,7,0,3,0,3,1,21224.0
0,46.0,1,1,9.0,2,0,4,5,0,3,2,3,0,3,1,2,1,20952.0
0,29.0,0,1,8.0,2,1,2,3,1,3,1,2,0,3,0,0,2,23853.0
0,42.0,1,1,9.0,2,0,3,1,1,3,0,3,1,5,0,0,2,20231.0
0,56.0,0,1,9.0,2,1,4,4,3,4,0,5,0,2,1,2,3,29654.0
0,30.0,1,1,26.0,1,1,3,4,1,3,1,6,0,5,0,1,2,22940.0
0,26.0,1,3,17.0,2,1,3,4,1,3,3,2,0,1,1,1,2,23628.0
0,26.0,0,1,12.0,2,1,3,3,1,5,1,3,0,5,1,2,2,22678.0
0,33.0,1,1,8.0,3,1,3,3,0,3,2,5,0,3,1,2,1,17496.0
0,30.0,1,1,26.0,2,1,2,3,1,5,0,1,0,4,1,0,2,24957.0
0,26.0,1,3,34.0,3,1,3,3,1,4,0,2,0,3,1,0,2,21272.0
0,30.0,1,1,10.0,3,1,4,5,3,3,1,3,0,1,0,3,3,30613.0
0,25.0,1,1,31.0,3,1,3,4,0,4,3,2,0,5,0,2,1,22275.0
0,27.0,0,1,15.0,3,1,2,3,0,4,1,7,0,3,0,0,1,17024.0
0,45.0,1,1,34.0,1,0,2,4,4,4,2,2,0,3,1,0,0,31704.0
0,50.0,1,1,15.0,2,0,3,4,3,4,0,6,0,4,0,1,3,26081.0
0,29.0,1,3,9.0,3,0,3,3,1,3,0,2,0,2,0,0,2,20561.0
1,59.0,1,1,9.0,1,1,3,4,0,3,2,6,0,1,0,1,1,21157.0
0,29.0,1,1,12.0,3,0,2,3,0,3,0,2,0,3,0,0,1,18131.0
0,32.0,1,1,16.0,2,1,3,5,0,4,3,2,1,3,1,1,1,21335.0
0,34.0,1,1,25.0,3,1,3,3,0,3,1,1,0,3,0,2,1,17661.0
0,50.0,0,3,9.0,3,1,4,5,1,4,1,4,0,3,1,3,2,24068.0
0,59.0,0,3,6.0,2,0,2,4,1,3,2,1,0,5,1,0,2,20473.0
0,27.0,0,3,6.0,3,1,3,3,1,4,0,1,1,2,0,2,2,21349.0
0,35.0,1,1,17.0,2,1,3,4,0,4,1,3,0,2,1,1,1,20686.0
0,31.0,1,2,16.0,2,1,3,4,1,3,0,2,1,3,1,2,2,25025.0
0,26.0,1,1,12.0,2,0,3,3,0,3,1,2,1,1,0,1,1,17659.0
0,40.0,1,1,31.0,2,1,3,4,1,3,3,2,0,4,1,1,2,22786.0
0,45.0,1,3,15.0,3,1,3,3,3,5,1,5,1,1,0,0,3,25761.0
1,44.0,0,1,24.0,1,1,3,5,0,3,1,2,1,5,1,2,1,21115.0
0,50.0,1,1,10.0,2,1,3,3,2,4,1,4,0,5,0,1,4,34144.0
0,33.0,0,1,14.0,2,1,4,3,0,4,0,3,0,2,0,2,1,21472.0
0,32.0,1,1,14.0,3,0,3,1,1,3,1,6,0,3,1,2,2,20175.0
0,43.0,1,1,7.0,2,0,3,5,1,3,0,2,1,3,0,2,2,24740.0
0,33.0,1,1,15.0,3,0,4,2,1,3,0,7,0,3,1,3,2,23853.0
0,38.0,0,1,32.0,3,0,4,4,1,3,0,5,1,3,1,2,2,23127.0
0,27.0,1,1,12.0,3,0,3,4,0,3,1,1,0,1,0,1,1,17187.0
0,36.0,1,1,7.0,3,0,3,5,1,3,0,2,0,1,1,2,2,24041.0
1,47.0,0,1,35.0,2,1,2,3,3,4,1,2,1,3,1,0,3,26849.0
1,39.0,1,1,12.0,3,1,3,3,0,5,1,1,1,1,1,1,1,17404.0
0,42.0,0,2,8.0,3,1,3,1,1,5,1,1,0,1,1,1,2,21272.0
0,36.0,1,1,23.0,2,0,3,5,1,4,1,2,1,1,1,2,2,23466.0
0,37.0,1,1,19.0,3,0,3,5,3,3,3,2,0,1,1,1,3,27536.0
1,54.0,1,1,9.0,1,0,4,5,3,3,1,2,0,5,1,3,3,28847.0
0,44.0,1,3,6.0,3,0,3,3,1,5,1,6,1,1,1,1,2,20454.0
0,35.0,1,1,17.0,2,1,3,4,0,4,1,3,0,1,1,2,1,20686.0
1,33.0,1,1,9.0,2,1,4,4,0,4,2,3,0,3,1,2,1,20071.0
0,44.0,0,1,35.0,3,0,4,3,0,3,3,6,0,3,0,3,1,23417.0
0,35.0,0,1,23.0,2,0,4,5,0,3,2,3,0,5,1,2,1,21231.0
0,33.0,0,1,7.0,1,1,4,4,1,5,1,6,0,4,1,3,2,22765.0
0,36.0,1,1,33.0,3,1,3,3,1,3,1,7,0,3,0,0,2,20237.0
0,59.0,1,1,9.0,2,1,3,4,0,3,0,4,0,3,0,1,1,17177.0
0,56.0,1,3,17.0,3,0,2,4,1,5,1,5,0,5,0,1,2,20380.0
1,60.0,0,1,21.0,2,0,3,4,3,3,2,2,1,5,1,1,3,29190.0
0,38.0,1,1,7.0,3,0,3,5,0,5,1,4,0,4,0,2,1,22598.0
0,46.0,0,3,32.0,2,1,3,4,1,4,3,1,0,4,1,2,2,22991.0
1,20.0,0,3,7.0,1,0,4,6,0,5,2,2,0,3,1,1,1,21003.0
0,58.0,1,1,29.0,2,1,2,3,0,3,1,2,0,3,1,1,1,17372.0
0,37.0,0,1,17.0,2,1,2,3,3,3,1,2,1,3,0,1,3,27185.0
1,24.0,1,1,6.0,3,1,3,3,0,3,0,3,1,3,1,2,1,17293.0
1,22.0,0,3,7.0,1,0,3,5,0,4,2,3,1,5,1,2,1,20852.0
1,37.0,1,1,16.0,3,1,4,5,0,3,0,2,1,2,0,2,1,22066.0
0,28.0,1,3,9.0,2,1,4,4,1,3,3,3,1,4,1,3,2,23156.0
0,30.0,1,1,30.0,2,1,3,2,0,3,0,3,0,2,1,2,1,21378.0
0,30.0,1,3,9.0,3,1,4,5,1,4,1,4,0,4,1,1,2,25322.0
0,45.0,1,3,8.0,1,1,2,5,1,3,3,1,0,5,0,0,2,21632.0
0,19.0,1,1,9.0,3,0,3,3,0,4,2,2,0,3,1,0,1,16483.0
0,25.0,0,1,11.0,2,1,3,5,0,3,0,2,0,3,0,1,1,21840.0
0,24.0,1,1,16.0,3,1,3,4,0,5,0,3,0,3,0,2,1,21178.0
0,36.0,1,1,8.0,3,1,3,3,0,3,2,5,0,5,1,0,1,17519.0
0,40.0,1,3,9.0,2,1,3,2,3,3,3,2,0,1,0,1,3,26558.0
1,51.0,1,3,33.0,2,1,2,3,1,3,2,2,1,5,1,1,2,29026.0
0,40.0,1,1,8.0,3,0,3,3,0,3,1,3,0,1,1,1,1,17001.0
1,26.0,1,3,10.0,3,1,2,4,1,3,2,2,1,2,1,1,2,20828.0
0,29.0,1,1,13.0,2,1,2,3,0,5,2,4,0,4,0,0,1,17062.0
0,30.0,1,1,15.0,3,1,4,5,1,3,0,3,1,3,0,1,2,23734.0
0,28.0,0,1,15.0,2,1,3,6,0,3,1,3,0,1,1,2,1,23299.0
0,35.0,1,1,31.0,1,1,3,4,3,4,0,4,0,3,1,1,3,25903.0
0,31.0,1,1,15.0,2,1,2,3,3,4,1,2,0,3,1,1,3,25648.0
1,37.0,1,3,10.0,2,1,3,5,3,3,1,3,1,1,1,1,3,29003.0
0,37.0,1,3,7.0,2,0,4,4,1,3,3,8,0,1,1,2,2,25493.0
0,45.0,0,1,6.0,3,1,2,3,1,3,2,5,0,1,1,1,2,20399.0
0,34.0,1,1,22.0,3,0,4,4,1,3,1,2,1,1,1,2,2,23556.0
1,33.0,1,1,31.0,3,1,2,4,0,4,2,5,1,4,0,0,1,17313.0
1,33.0,1,1,31.0,3,1,2,4,0,4,2,5,1,4,1,0,1,17313.0
0,33.0,1,3,14.0,3,1,4,4,1,3,0,6,0,5,1,2,2,27882.0
0,54.0,1,1,13.0,2,1,3,4,1,3,2,4,0,5,1,2,2,21128.0
0,61.0,1,3,23.0,3,1,3,4,1,5,3,2,0,4,1,2,2,24083.0
0,54.0,1,3,9.0,3,0,2,3,1,5,0,3,0,4,1,1,2,20940.0
0,33.0,1,3,15.0,3,1,3,2,1,3,0,3,0,5,0,1,2,24887.0
1,35.0,0,2,30.0,2,0,3,4,3,5,1,2,1,3,1,1,3,28628.0
0,28.0,0,1,9.0,3,1,3,4,0,3,2,4,0,3,0,2,1,21258.0
0,35.0,1,1,33.0,3,0,2,4,0,5,2,2,0,4,0,1,1,17559.0
1,26.0,0,1,9.0,1,1,3,3,0,5,2,1,0,3,0,1,1,18102.0
0,33.0,1,3,16.0,3,1,2,1,3,3,1,1,1,4,1,1,3,23380.0
0,30.0,1,1,22.0,2,0,3,5,1,3,3,2,1,3,0,1,2,22871.0
0,49.0,1,1,7.0,2,0,3,5,4,5,0,2,0,4,0,2,0,34080.0
0,41.0,1,1,34.0,2,0,2,4,4,4,1,1,0,5,1,1,0,28570.0
1,20.0,0,1,12.0,2,0,3,4,0,3,2,2,1,1,0,0,1,17926.0
0,58.0,1,1,31.0,2,1,3,3,3,3,1,5,1,4,1,2,3,28117.0
0,28.0,1,1,22.0,3,1,3,1,1,5,2,1,0,5,0,1,2,20661.0
0,44.0,0,1,29.0,3,1,3,3,1,4,1,5,0,3,0,1,2,17042.0
0,46.0,1,3,6.0,2,1,2,1,4,5,2,2,0,4,1,1,0,32567.0
0,48.0,1,3,21.0,3,1,3,4,1,5,3,4,0,2,0,2,2,23638.0
0,46.0,1,2,31.0,3,1,3,4,0,4,2,3,0,4,0,1,1,20855.0
0,36.0,1,1,32.0,3,0,3,4,3,3,1,3,1,3,1,2,3,29066.0
0,42.0,0,1,27.0,3,0,2,3,1,3,1,3,0,2,0,0,2,20265.0
0,33.0,0,1,17.0,2,1,3,4,0,3,1,8,0,1,0,1,1,22111.0
0,41.0,0,3,9.0,3,1,4,4,1,4,1,7,0,4,1,2,2,23005.0
0,27.0,1,1,15.0,3,0,4,3,0,4,2,2,0,3,0,1,1,17279.0
0,40.0,1,1,21.0,2,0,3,4,3,3,1,2,0,1,1,1,3,25435.0
0,36.0,0,3,14.0,1,1,2,3,1,3,1,5,0,3,1,0,2,20079.0
0,32.0,1,1,19.0,3,0,4,4,0,3,0,2,1,4,1,3,1,22607.0
0,35.0,0,1,9.0,2,1,2,4,0,3,0,2,0,2,1,1,1,16281.0
0,37.0,1,1,9.0,3,1,4,4,0,3,2,6,0,5,1,2,1,21197.0
0,52.0,1,1,17.0,2,0,2,3,1,3,1,1,0,1,1,0,2,18149.0
0,31.0,1,1,7.0,2,1,3,6,0,3,1,5,0,4,1,1,1,22511.0
0,36.0,0,3,6.0,2,1,4,4,3,5,1,3,0,4,0,1,3,27747.0
0,39.0,1,3,10.0,2,0,2,4,1,3,0,5,0,5,1,0,2,20902.0
0,46.0,1,1,6.0,3,1,3,3,3,5,1,1,0,1,0,2,3,24396.0
0,32.0,1,3,14.0,1,1,4,3,1,3,0,6,0,2,1,1,2,25607.0
0,36.0,1,1,9.0,2,0,2,3,0,3,1,6,0,1,0,1,1,17835.0
0,48.0,0,3,11.0,3,1,4,4,1,3,3,5,0,4,0,3,2,21654.0
0,29.0,1,1,9.0,3,1,3,4,3,3,1,2,0,1,0,2,3,26935.0
0,40.0,1,3,8.0,3,0,2,3,1,4,1,1,0,1,0,0,2,20715.0
0,34.0,1,1,13.0,2,0,2,3,3,4,3,1,0,3,1,0,3,26994.0
0,36.0,1,1,7.0,3,1,3,5,0,3,1,8,0,1,1,2,1,20936.0
0,33.0,0,3,12.0,2,1,3,4,1,4,0,3,0,3,1,2,2,25202.0
0,55.0,0,1,8.0,2,1,3,3,3,4,0,4,0,2,1,1,3,25976.0
0,53.0,1,1,13.0,3,0,2,3,2,3,1,4,0,1,1,1,4,33606.0
1,33.0,1,1,20.0,3,1,2,3,0,3,0,6,1,2,0,1,1,17436.0
0,27.0,1,1,9.0,3,1,3,5,0,3,3,2,0,3,0,1,1,22582.0
0,56.0,1,1,27.0,1,1,3,4,1,3,1,5,1,1,0,1,2,24093.0
0,36.0,1,1,12.0,1,1,4,4,3,4,3,2,0,3,1,2,3,26773.0
0,41.0,0,1,15.0,3,1,3,3,2,3,1,3,0,4,0,2,4,34419.0
1,55.0,0,3,8.0,2,0,2,4,0,3,2,1,0,5,0,0,1,28577.0
0,56.0,0,1,6.0,2,1,2,3,1,3,1,2,0,3,0,0,2,21306.0
0,23.0,1,1,10.0,3,0,2,3,0,4,2,2,0,3,1,1,1,18295.0
0,45.0,1,1,16.0,2,1,4,4,0,5,0,3,1,3,1,1,1,21237.0
0,35.0,1,1,7.0,3,1,4,4,1,4,0,3,0,5,0,1,2,23003.0
1,28.0,1,1,18.0,2,0,3,3,0,3,1,2,1,4,1,1,1,17515.0
0,38.0,0,1,9.0,2,1,4,5,1,3,1,7,0,1,1,3,2,23841.0
0,55.0,1,1,26.0,3,0,4,4,1,5,1,2,1,3,0,3,2,24163.0
0,52.0,0,3,9.0,3,1,3,4,3,4,0,4,0,4,0,1,3,29274.0
0,39.0,0,3,9.0,2,1,3,5,1,3,0,5,0,5,1,2,2,23927.0
0,46.0,1,3,9.0,3,1,2,3,4,3,0,4,0,2,1,0,0,32465.0
0,37.0,0,3,18.0,1,0,4,4,3,3,0,2,0,5,0,1,3,28416.0
0,28.0,1,3,15.0,3,0,3,4,1,4,0,3,0,2,0,1,2,24892.0
0,35.0,1,1,16.0,3,0,2,3,1,3,2,4,1,1,1,0,2,21142.0
0,47.0,0,1,6.0,3,0,3,3,3,4,1,1,0,5,0,0,3,26957.0
1,39.0,1,3,9.0,3,0,2,3,1,3,1,5,1,4,1,1,2,20238.0
0,36.0,0,3,15.0,3,0,4,5,3,3,1,6,1,5,1,3,3,29055.0
1,24.0,1,1,13.0,2,1,4,2,0,5,1,3,1,3,0,1,1,20279.0
0,26.0,1,1,8.0,3,1,2,1,1,3,1,2,0,3,1,1,2,20472.0
0,25.0,1,1,24.0,2,1,4,5,0,4,1,3,0,3,1,2,1,20805.0
0,56.0,0,3,12.0,2,0,2,1,4,5,1,1,0,3,1,0,0,28212.0
0,35.0,1,3,9.0,2,1,3,3,3,3,1,7,0,5,0,2,3,22823.0
0,35.0,1,3,21.0,1,0,3,4,0,3,1,3,1,5,1,1,1,21257.0
0,55.0,1,3,32.0,3,1,2,4,2,3,1,2,0,3,1,1,4,34586.0
0,42.0,0,1,8.0,2,1,2,3,3,3,1,3,1,3,1,0,3,25124.0
0,49.0,1,1,13.0,2,1,4,5,1,3,3,4,0,2,0,1,2,22918.0
1,29.0,1,1,6.0,1,1,2,3,0,3,2,1,0,2,0,0,1,17058.0
0,21.0,1,1,10.0,2,1,3,5,0,3,3,3,0,3,0,2,1,21711.0
0,26.0,0,1,9.0,2,1,4,2,1,3,1,3,0,1,0,2,2,23884.0
0,23.0,0,1,23.0,3,1,4,2,0,3,1,3,1,3,0,3,1,21613.0
0,30.0,0,3,9.0,2,1,3,4,1,3,3,3,0,1,0,2,2,23232.0
0,27.0,0,3,8.0,2,1,2,5,1,3,2,4,0,4,1,1,2,20071.0
0,37.0,1,1,13.0,2,1,3,4,0,3,0,2,0,5,1,2,1,21888.0
0,20.0,1,1,10.0,3,0,4,4,0,4,2,3,0,3,1,1,1,20161.0
0,29.0,1,1,6.0,2,1,2,3,1,5,1,1,0,3,1,0,2,20373.0
0,31.0,1,3,11.0,1,1,2,3,1,3,1,2,0,5,0,1,2,23346.0
0,56.0,0,1,15.0,3,0,3,3,0,3,1,3,0,1,1,0,1,17942.0
0,24.0,0,1,15.0,2,1,2,4,0,4,1,2,0,5,1,0,1,17694.0
0,25.0,1,1,6.0,3,0,2,3,0,4,2,2,0,3,1,0,1,17096.0
0,35.0,1,1,15.0,2,0,3,4,1,5,1,5,0,5,1,2,2,23799.0
0,35.0,1,3,10.0,3,0,4,5,1,3,1,5,1,3,0,1,2,26781.0
0,30.0,1,1,7.0,2,1,3,4,1,5,1,2,0,3,1,1,2,24051.0
0,35.0,1,3,22.0,3,0,4,4,1,5,3,3,0,1,1,3,2,24803.0
0,51.0,1,1,9.0,3,0,3,3,4,4,2,4,0,5,1,1,0,28734.0
0,48.0,0,1,28.0,3,0,2,3,4,3,1,4,0,5,0,0,0,32174.0
0,46.0,1,1,14.0,2,1,3,4,3,5,1,4,0,3,0,1,3,28402.0
0,27.0,1,1,7.0,3,1,3,5,0,5,0,3,0,3,0,2,1,22633.0
0,41.0,1,2,16.0,2,1,3,4,2,3,1,4,0,2,1,0,4,34141.0
0,38.0,0,3,8.0,2,1,2,4,1,3,0,4,0,5,1,1,2,20249.0
1,31.0,0,3,33.0,3,0,3,5,1,5,3,7,0,2,0,2,2,25374.0
0,43.0,0,1,27.0,3,1,3,3,0,3,1,1,0,4,1,2,1,17258.0
0,31.0,1,3,36.0,1,1,3,4,3,4,1,5,0,4,0,2,3,27928.0
0,55.0,1,3,9.0,2,0,3,5,3,3,0,8,0,5,1,1,3,29364.0
0,44.0,0,1,7.0,2,0,3,4,1,3,0,6,0,2,1,2,2,24240.0
0,43.0,0,1,33.0,2,0,2,3,3,5,1,1,0,4,1,0,3,25820.0
0,41.0,0,3,35.0,2,1,3,6,3,5,1,5,0,5,0,2,3,29610.0
0,27.0,0,1,9.0,3,1,2,3,0,3,1,2,0,1,0,0,1,16706.0
0,53.0,0,1,26.0,3,1,3,4,0,3,0,2,0,3,1,1,1,22936.0
0,49.0,1,1,24.0,2,1,2,4,2,3,1,2,1,3,1,0,4,34502.0
0,49.0,1,1,10.0,3,1,2,4,2,3,0,3,0,3,0,0,4,33711.0
1,20.0,1,1,10.0,1,1,2,3,0,5,2,2,0,3,1,1,1,17973.0
0,46.0,1,1,6.0,3,1,2,3,2,3,1,1,0,5,1,1,4,34627.0
1,30.0,1,3,16.0,3,0,3,6,0,4,3,3,0,1,1,2,1,21438.0
1,33.0,0,1,23.0,2,0,4,6,0,5,3,3,1,4,0,1,1,22597.0
0,40.0,1,1,6.0,2,0,2,3,1,3,1,5,0,3,0,1,2,21513.0
0,31.0,1,1,9.0,3,1,3,5,0,3,3,2,0,4,0,1,1,21398.0
0,34.0,0,3,12.0,2,1,4,4,1,3,0,8,0,1,1,3,2,28676.0
0,41.0,1,3,9.0,3,0,3,4,1,4,1,2,0,2,0,2,2,24393.0
0,46.0,1,3,16.0,3,0,3,4,3,3,0,3,1,2,1,1,3,24071.0
1,31.0,0,3,33.0,3,0,3,5,1,5,3,7,0,1,1,2,2,25374.0
1,24.0,1,1,23.0,2,0,3,3,0,4,0,2,0,2,0,1,1,17210.0
0,31.0,1,3,11.0,3,0,4,5,1,4,1,3,1,3,1,1,2,23887.0
0,35.0,1,1,14.0,3,1,3,4,0,3,3,3,0,1,0,2,1,21650.0
0,41.0,1,1,21.0,3,1,3,5,2,3,2,3,0,3,1,2,4,38304.0
0,35.0,0,1,10.0,2,1,3,4,1,3,3,2,0,2,1,1,2,26434.0
0,35.0,1,1,7.0,2,1,3,4,1,3,1,2,0,4,1,1,2,24162.0
1,27.0,0,1,10.0,1,1,4,4,0,5,3,2,0,3,0,3,1,21780.0
0,38.0,0,3,28.0,3,0,3,4,0,3,0,7,0,2,1,2,1,21651.0
0,22.0,1,1,17.0,3,0,2,3,0,4,1,2,0,1,1,1,1,17244.0
1,44.0,1,1,29.0,3,1,3,3,0,5,2,1,0,3,0,2,1,33213.0
1,47.0,1,3,17.0,2,0,4,4,3,4,1,7,0,1,0,3,3,25992.0
0,31.0,0,3,29.0,2,0,4,4,3,5,0,2,0,2,1,1,3,27090.0
0,37.0,0,1,6.0,3,0,3,3,3,3,1,3,1,3,0,0,3,28603.0
0,26.0,1,1,7.0,1,1,3,4,0,3,0,6,0,5,1,2,1,21907.0
1,31.0,1,3,12.0,2,1,3,5,1,3,1,5,1,3,0,2,2,21172.0
1,33.0,0,3,18.0,2,1,3,2,1,3,1,2,0,3,1,1,2,23385.0
0,36.0,0,1,24.0,3,0,3,3,0,3,2,2,0,3,0,1,1,17153.0
0,33.0,0,1,6.0,3,1,2,4,0,3,1,2,0,3,0,0,1,17008.0
0,44.0,1,1,13.0,3,0,4,5,1,3,3,3,1,4,1,2,2,22759.0
0,41.0,1,3,6.0,3,1,2,2,3,5,0,2,0,3,1,1,3,23392.0
0,34.0,1,1,11.0,3,0,3,5,0,4,0,8,0,4,0,1,1,21300.0
1,59.0,1,1,30.0,3,0,4,4,3,3,1,3,0,3,1,1,3,28990.0
0,31.0,1,3,36.0,2,1,4,4,1,5,1,2,0,2,1,2,2,22793.0
0,33.0,1,3,13.0,3,1,3,4,1,3,3,3,0,5,1,2,2,23688.0
0,43.0,1,3,31.0,3,1,3,4,3,3,1,6,0,4,1,1,3,25798.0
1,29.0,0,1,20.0,2,0,2,3,3,3,3,1,1,5,1,0,3,22553.0
0,32.0,0,1,21.0,3,0,2,3,1,3,1,6,0,3,0,1,2,21667.0
0,34.0,1,1,8.0,2,1,2,4,1,5,1,7,0,4,0,1,2,20957.0
0,31.0,0,3,32.0,1,0,3,4,1,3,0,2,1,3,1,1,2,23414.0
0,28.0,0,3,15.0,2,1,3,4,3,3,3,3,0,1,1,1,3,27404.0
0,30.0,1,1,26.0,2,1,2,3,1,5,1,1,0,4,0,1,2,24957.0
0,35.0,1,1,15.0,2,1,3,4,1,4,3,1,0,1,0,1,2,21540.0
0,26.0,1,1,7.0,2,0,4,4,1,3,0,2,0,3,1,2,2,23576.0
0,28.0,0,1,17.0,2,1,3,4,3,5,1,3,0,3,1,1,3,27471.0
0,53.0,1,1,13.0,2,1,2,1,4,3,1,4,0,1,0,1,0,29814.0
0,34.0,1,1,11.0,3,0,2,4,3,5,3,3,0,2,0,0,3,26631.0
0,34.0,1,2,10.0,2,1,3,4,0,4,1,5,1,5,0,2,1,20955.0
0,23.0,1,1,15.0,2,1,4,6,0,5,1,3,0,1,0,2,1,21129.0
0,45.0,1,2,30.0,3,1,2,3,0,4,2,2,0,4,0,1,1,17177.0
0,50.0,0,1,15.0,2,1,4,5,1,4,1,3,0,1,0,1,2,23808.0
0,27.0,1,1,10.0,2,0,3,4,0,3,1,3,0,3,1,2,1,20739.0
0,44.0,1,1,14.0,2,1,3,1,0,3,0,3,1,3,1,2,1,17818.0
0,43.0,1,3,15.0,3,1,3,4,1,4,1,2,0,3,1,1,2,25503.0
0,50.0,1,1,7.0,1,0,3,4,0,5,1,4,0,4,0,1,1,22258.0
0,23.0,1,1,18.0,2,1,3,3,0,3,2,2,0,5,1,0,1,17647.0
0,27.0,1,1,6.0,2,0,3,3,3,5,1,2,0,4,0,2,3,22412.0
0,37.0,1,1,14.0,2,1,4,4,0,3,3,4,0,3,0,3,1,23356.0
0,28.0,1,1,27.0,3,1,2,3,0,3,1,2,0,1,0,0,1,17713.0
0,33.0,0,1,9.0,2,1,4,4,0,3,3,2,0,5,1,2,1,21746.0
0,22.0,1,1,8.0,1,1,3,3,0,3,1,1,0,5,1,0,1,17523.0
0,42.0,1,3,6.0,2,1,2,3,1,3,0,2,0,3,1,0,2,19907.0
0,29.0,1,1,17.0,2,0,3,4,1,3,3,5,0,4,0,2,2,22338.0
0,55.0,0,1,27.0,2,0,3,4,1,3,3,5,0,4,0,2,2,23547.0
0,41.0,1,3,17.0,3,1,4,5,3,4,1,4,0,4,1,2,3,28383.0
0,54.0,1,3,9.0,2,0,4,5,4,3,1,4,0,3,0,1,0,34105.0
0,32.0,1,1,18.0,3,1,4,4,1,5,1,3,1,1,1,2,2,25511.0
1,41.0,0,1,11.0,2,1,3,4,0,5,1,7,0,3,0,1,1,17107.0
1,37.0,1,2,20.0,2,1,3,5,0,5,1,6,1,5,1,2,1,23317.0
0,31.0,1,1,27.0,2,1,3,4,1,5,1,2,0,4,0,2,2,28635.0
0,26.0,1,1,9.0,2,1,3,4,0,3,1,8,1,5,0,1,1,22655.0
0,32.0,1,3,13.0,2,1,3,4,1,3,1,2,0,3,1,0,2,20484.0
0,55.0,1,1,24.0,1,0,3,4,3,3,1,2,0,5,0,1,3,29417.0
1,28.0,0,1,30.0,1,1,3,4,3,5,3,2,0,1,1,1,3,23722.0
0,36.0,1,2,14.0,2,1,3,4,0,5,0,1,0,2,1,2,1,17342.0
0,28.0,0,3,6.0,3,1,3,4,1,3,0,2,0,3,0,2,2,23020.0
0,52.0,1,1,14.0,2,0,2,3,0,5,0,1,0,1,1,1,1,17950.0
0,41.0,0,1,16.0,3,1,3,4,0,4,1,2,1,4,0,1,1,22295.0
0,45.0,1,1,11.0,3,1,3,4,1,4,3,2,0,1,1,2,2,24611.0
0,45.0,1,3,35.0,3,0,3,2,4,3,0,5,1,2,1,2,0,31998.0
0,33.0,0,1,11.0,2,0,3,3,3,4,1,7,0,3,1,1,3,26878.0
0,31.0,0,3,26.0,2,1,3,1,0,3,1,1,0,5,1,0,1,17791.0
0,41.0,1,1,15.0,2,0,4,4,1,5,1,4,1,1,0,1,2,25194.0
0,58.0,1,3,36.0,3,1,3,5,4,3,1,5,0,3,0,1,0,32796.0
1,31.0,1,3,12.0,2,1,3,5,1,3,0,5,1,3,1,1,2,21172.0
1,18.0,0,3,9.0,3,0,3,3,0,3,2,2,1,5,0,1,1,16569.0
0,49.0,1,1,13.0,2,1,2,4,3,3,3,1,0,2,1,1,3,25965.0
0,42.0,1,1,26.0,2,1,3,4,1,5,1,4,0,1,0,1,2,21750.0
0,59.0,0,1,7.0,2,1,3,6,1,3,1,4,1,2,1,2,2,24338.0
0,40.0,1,1,17.0,3,1,4,4,1,5,1,4,0,5,1,3,2,24055.0
1,31.0,0,1,11.0,1,1,3,4,0,3,2,20,1,4,1,2,1,20963.0
0,36.0,0,3,7.0,3,0,4,4,3,3,3,3,0,5,1,1,3,27467.0
0,54.0,1,3,9.0,3,1,3,4,4,3,1,8,0,3,1,1,0,33530.0
0,32.0,1,1,14.0,2,1,3,4,1,3,1,5,0,3,0,2,2,24593.0
1,34.0,0,3,25.0,3,1,3,2,1,3,2,1,1,2,1,2,2,20304.0
0,20.0,1,1,6.0,2,0,2,4,0,4,2,2,0,4,0,1,1,17836.0
0,52.0,1,2,12.0,2,1,3,4,4,4,1,3,1,3,1,2,0,32704.0
0,33.0,1,1,20.0,3,0,3,3,0,4,0,2,0,5,0,0,1,17756.0
1,36.0,1,3,19.0,3,1,3,4,1,5,1,6,1,1,1,0,2,21134.0
0,44.0,0,1,29.0,3,1,3,3,1,4,0,5,0,3,1,0,2,17042.0
1,56.0,0,3,9.0,2,0,3,5,0,3,2,2,0,5,0,1,1,32255.0
0,44.0,0,1,17.0,2,0,3,4,0,3,2,2,0,5,0,2,1,21133.0
1,50.0,0,1,35.0,2,1,4,5,1,5,3,5,0,3,0,2,2,22962.0
1,37.0,0,1,16.0,3,1,3,3,3,3,1,7,0,3,1,2,3,25048.0
1,42.0,0,3,16.0,2,1,3,6,4,3,1,2,0,5,1,2,0,24829.0
0,41.0,1,3,10.0,3,0,2,3,3,3,1,1,1,1,0,1,3,25447.0
1,50.0,1,3,18.0,3,0,3,4,3,3,0,3,0,4,0,2,3,26332.0
0,43.0,0,1,27.0,3,1,3,3,0,3,0,1,0,4,0,2,1,17258.0
0,42.0,1,1,6.0,2,0,3,3,0,5,1,4,0,3,0,2,1,17576.0
0,33.0,1,1,10.0,3,0,2,4,0,4,0,7,0,4,0,0,1,17622.0
0,38.0,1,1,16.0,3,0,2,5,3,3,1,4,0,1,1,1,3,28206.0
0,38.0,1,3,6.0,2,1,2,4,0,5,2,5,0,3,0,1,1,17858.0
0,51.0,0,3,7.0,2,0,4,4,1,3,1,2,0,1,0,2,2,25025.0
0,50.0,1,1,15.0,2,1,3,3,0,3,1,5,0,5,1,2,1,17380.0
0,31.0,1,1,23.0,2,1,3,2,1,3,1,5,0,1,1,1,2,23972.0
0,55.0,1,3,24.0,2,0,2,3,4,4,2,4,0,1,1,0,0,31835.0
0,37.0,0,3,17.0,3,1,3,4,3,3,2,3,0,2,1,2,3,28658.0
0,33.0,0,1,7.0,2,1,4,4,0,3,1,2,0,5,0,1,1,20992.0
0,42.0,1,3,11.0,3,1,2,3,2,3,0,7,0,4,0,1,4,33303.0
0,35.0,1,3,21.0,1,0,3,4,0,3,1,3,1,5,1,2,1,21257.0
0,41.0,1,3,17.0,1,0,3,5,1,4,1,2,0,5,1,1,2,25530.0
0,29.0,1,3,26.0,3,1,2,3,1,3,1,3,0,2,1,1,2,21931.0
0,56.0,1,1,6.0,2,0,2,3,0,5,0,3,0,5,1,1,1,17066.0
0,45.0,1,2,7.0,2,0,3,4,0,3,1,6,1,3,1,1,1,21873.0
0,28.0,1,1,7.0,3,1,3,4,0,4,1,3,0,3,0,1,1,22494.0
1,45.0,1,1,17.0,2,1,4,4,0,3,3,3,1,3,1,1,1,21614.0
0,46.0,1,1,36.0,3,1,3,4,0,3,3,7,0,2,1,1,1,22130.0
1,29.0,1,1,24.0,1,1,3,5,0,3,1,7,0,3,0,2,1,21045.0
0,32.0,0,1,31.0,1,0,2,4,1,3,3,4,0,1,1,1,2,23916.0
0,39.0,0,1,28.0,3,0,2,3,3,5,3,2,1,5,1,1,3,25880.0
1,26.0,1,1,22.0,3,1,2,3,0,4,1,3,1,1,1,0,1,17373.0
1,30.0,1,1,17.0,2,0,4,5,0,5,2,8,1,5,1,2,1,21082.0
0,32.0,1,3,13.0,3,1,3,3,1,3,0,5,0,5,1,1,2,24204.0
0,25.0,1,1,36.0,3,1,4,4,0,5,1,3,0,4,1,2,1,22585.0
0,36.0,1,1,11.0,2,1,3,3,1,4,2,1,0,2,0,2,2,20914.0
0,39.0,1,1,17.0,3,0,3,6,3,3,1,5,0,1,1,2,3,31884.0
0,56.0,1,1,13.0,2,1,2,5,3,3,3,5,0,2,0,0,3,22260.0
0,28.0,1,1,14.0,3,0,3,5,1,5,3,2,0,3,1,1,2,25489.0
0,46.0,0,1,24.0,3,0,2,3,3,3,1,6,0,3,0,1,3,25527.0
0,44.0,1,1,19.0,2,1,3,5,4,4,1,3,0,3,0,2,0,33014.0
0,52.0,0,1,7.0,3,0,2,5,3,5,3,5,0,1,1,1,3,26162.0
0,22.0,1,3,29.0,1,1,3,4,0,3,3,3,0,2,1,2,1,22125.0
0,40.0,1,3,32.0,3,1,3,3,1,5,1,2,0,1,1,2,2,23396.0
0,31.0,1,3,13.0,2,1,2,4,0,3,0,4,0,4,1,1,1,17329.0
1,29.0,1,3,6.0,3,0,2,4,0,3,1,7,1,1,1,1,1,17800.0
0,40.0,1,1,9.0,1,0,4,5,1,3,3,3,0,1,1,2,2,23231.0
0,39.0,0,1,15.0,2,1,3,3,1,4,3,1,0,1,1,0,2,21782.0
1,29.0,1,1,24.0,3,1,2,4,0,3,2,2,1,3,0,0,1,17389.0
0,25.0,1,1,7.0,2,1,3,5,1,3,3,3,0,3,1,2,2,23295.0
1,42.0,1,1,15.0,3,0,4,4,0,5,1,3,1,3,0,3,1,22781.0
0,35.0,1,1,12.0,2,1,2,5,1,3,3,2,0,5,0,1,2,21646.0
0,45.0,1,1,9.0,2,0,4,2,3,3,1,3,1,4,1,1,3,26557.0
0,47.0,0,3,33.0,2,1,4,5,1,4,3,2,0,4,1,3,2,26669.0
0,44.0,0,3,22.0,2,1,3,5,1,3,0,5,0,5,0,2,2,25482.0
0,46.0,1,1,7.0,1,1,4,4,3,4,1,3,0,3,1,2,3,26119.0
1,27.0,1,2,27.0,3,0,4,4,0,4,1,2,1,3,0,2,1,20826.0
0,27.0,0,1,18.0,3,1,3,4,1,5,0,3,1,3,1,2,2,23419.0
0,31.0,0,3,32.0,1,0,3,4,1,3,1,2,1,3,1,2,2,23414.0
1,36.0,1,3,34.0,2,1,3,4,1,3,3,3,1,5,0,1,2,24491.0
0,41.0,1,1,11.0,3,1,2,1,0,3,0,3,1,1,1,1,1,17127.0
0,50.0,0,2,9.0,3,1,2,3,2,4,0,2,0,2,1,0,4,33200.0
0,45.0,0,1,8.0,3,1,3,4,4,3,0,1,0,4,1,0,0,31792.0
0,38.0,1,1,15.0,2,0,3,3,0,3,2,2,0,1,1,2,1,17288.0
0,47.0,1,1,8.0,2,0,2,3,4,3,1,2,1,4,1,0,0,31752.0
0,26.0,1,1,6.0,2,0,2,4,0,3,1,2,1,4,0,0,1,17933.0
0,39.0,1,3,14.0,3,0,3,5,1,3,3,2,0,1,1,1,2,22706.0
0,29.0,1,1,29.0,2,1,2,1,0,3,1,2,0,1,1,1,1,17700.0
0,33.0,1,3,17.0,3,1,3,4,1,3,3,3,0,4,1,2,2,24074.0
1,31.0,0,2,15.0,2,0,4,5,0,3,1,8,0,5,1,3,1,20858.0
0,38.0,0,1,9.0,2,1,2,3,0,3,1,4,0,3,1,0,1,17821.0
0,26.0,1,3,6.0,2,1,2,3,1,3,0,2,0,5,1,0,2,20296.0
1,27.0,0,3,36.0,3,1,4,6,1,5,3,2,0,3,1,2,2,23647.0
0,32.0,0,1,11.0,1,1,3,3,0,4,2,3,0,3,1,1,1,17718.0
0,35.0,1,3,7.0,1,1,4,5,3,3,0,3,1,1,1,2,3,25761.0
0,50.0,1,1,12.0,1,1,4,4,1,3,0,4,0,3,0,1,2,25329.0
1,30.0,0,1,17.0,2,0,3,5,0,3,3,3,0,4,1,1,1,25301.0
0,39.0,0,3,27.0,2,0,2,5,1,3,1,7,0,5,0,0,2,20736.0
0,20.0,1,3,27.0,3,1,2,1,0,3,2,2,0,3,1,1,1,17678.0
0,43.0,1,1,20.0,2,1,3,3,4,5,0,7,0,5,1,0,0,32159.0
0,32.0,1,3,14.0,1,0,3,4,1,4,1,2,1,1,1,2,2,20228.0
0,56.0,1,1,27.0,1,1,3,4,1,3,0,5,1,2,1,2,2,24093.0
0,28.0,1,1,12.0,2,0,3,4,0,4,2,3,1,3,0,2,1,21156.0
1,29.0,0,1,16.0,2,0,2,4,0,3,3,2,0,4,1,0,1,21623.0
0,33.0,0,1,7.0,2,1,4,4,0,3,1,2,0,5,1,1,1,20992.0
0,36.0,1,3,10.0,2,1,4,4,3,3,1,8,0,5,0,2,3,26501.0
0,35.0,1,3,13.0,2,1,3,3,0,3,0,2,0,3,1,0,1,17404.0
0,22.0,0,1,22.0,3,1,3,2,0,3,1,2,1,3,0,0,1,17935.0
1,31.0,1,3,7.0,2,1,4,5,1,5,1,3,0,4,1,2,2,28392.0
0,35.0,1,1,36.0,3,1,3,4,1,3,0,6,0,3,0,1,2,24107.0
0,49.0,1,1,24.0,2,1,2,4,2,3,1,2,1,3,0,1,4,34502.0
0,30.0,1,1,22.0,2,1,3,4,0,3,2,3,0,3,0,1,1,21018.0
0,42.0,1,1,13.0,3,1,3,4,0,5,3,4,1,4,1,2,1,23399.0
0,49.0,1,1,14.0,2,0,2,3,3,4,1,5,0,4,0,1,3,22403.0
0,51.0,0,1,29.0,3,1,3,6,4,3,2,3,1,1,1,2,0,33089.0
0,27.0,1,1,7.0,3,1,4,4,0,5,3,2,0,5,1,3,1,21545.0
0,44.0,1,1,10.0,2,1,3,1,2,5,1,2,0,5,1,2,4,34190.0
0,31.0,1,1,15.0,2,1,2,4,0,4,2,1,1,3,1,0,1,17657.0
1,20.0,1,1,10.0,1,1,2,3,0,5,2,2,0,3,1,0,1,17973.0
0,52.0,1,1,14.0,3,1,3,5,1,3,1,4,0,3,1,2,2,24810.0
0,30.0,1,3,10.0,3,0,4,4,1,3,1,3,0,1,0,1,2,24239.0
0,31.0,1,1,9.0,2,0,3,6,1,3,3,4,0,1,1,1,2,24769.0
0,35.0,1,1,14.0,2,1,2,2,0,3,0,2,0,5,1,1,1,17269.0
1,25.0,1,3,25.0,3,1,2,4,0,4,0,2,1,2,0,0,1,17413.0
0,40.0,1,3,22.0,3,1,4,4,4,5,2,2,0,1,1,3,0,32019.0
0,46.0,1,1,6.0,3,1,3,3,3,5,1,1,0,2,0,0,3,24396.0
1,32.0,0,1,7.0,2,0,4,2,3,4,3,3,0,3,1,3,3,26124.0
1,39.0,1,1,12.0,3,1,3,3,0,5,0,1,1,2,1,1,1,17404.0
1,26.0,0,2,23.0,2,0,2,3,0,3,1,1,1,5,0,1,1,17741.0
0,36.0,0,3,18.0,3,1,3,4,1,3,1,3,0,5,1,2,2,23646.0
0,25.0,1,1,28.0,1,1,3,5,0,5,1,2,0,3,0,1,1,20974.0
0,41.0,0,1,18.0,1,0,4,4,1,3,1,3,0,3,1,2,2,25001.0
0,37.0,1,3,12.0,3,1,3,3,1,3,1,5,0,3,1,0,2,21502.0
0,37.0,1,1,25.0,2,1,3,3,0,4,0,5,0,4,1,1,1,18022.0
1,23.0,0,3,15.0,3,1,2,3,0,5,1,2,0,5,1,0,1,16790.0
0,28.0,0,1,12.0,2,1,2,4,0,3,1,2,1,4,1,0,1,17703.0
0,26.0,1,1,9.0,3,1,4,2,0,5,3,2,0,1,0,2,1,22102.0
1,25.0,1,3,10.0,2,0,4,4,1,3,3,2,0,1,1,2,2,23255.0
0,37.0,1,1,20.0,2,0,3,3,0,5,1,2,0,4,1,1,1,18034.0
0,51.0,0,3,19.0,3,0,4,4,3,3,3,6,0,5,0,1,3,27886.0
0,54.0,0,1,7.0,2,0,2,3,3,3,1,1,0,5,0,1,3,25502.0
0,32.0,1,1,31.0,3,0,4,5,1,5,3,3,0,5,1,1,2,25490.0
0,38.0,1,1,15.0,2,0,3,3,0,3,2,2,0,2,1,1,1,17288.0
1,35.0,0,3,13.0,3,0,3,6,0,3,1,2,0,4,0,2,1,21029.0
0,37.0,1,3,7.0,2,1,3,4,1,3,0,3,1,3,1,2,2,24879.0
0,44.0,1,1,34.0,1,1,3,2,0,4,1,7,0,5,1,2,1,23554.0
0,42.0,1,1,19.0,2,1,3,4,0,3,0,5,1,3,1,1,1,23444.0
0,48.0,1,3,11.0,2,0,3,4,1,3,3,3,1,3,1,2,2,22841.0
1,21.0,1,1,16.0,2,0,2,4,0,5,2,2,0,3,1,0,1,16416.0
0,40.0,0,1,29.0,3,0,3,4,3,5,2,3,1,5,1,1,3,29558.0
0,50.0,0,3,6.0,2,0,3,3,1,3,1,1,0,1,0,1,2,21347.0
0,37.0,1,1,13.0,2,0,3,2,0,3,1,5,0,1,0,1,1,21716.0
0,35.0,0,1,23.0,2,0,4,5,0,3,2,3,0,5,1,3,1,21231.0
0,34.0,0,1,6.0,2,1,3,3,0,5,1,6,0,1,1,2,1,17996.0
0,36.0,1,2,19.0,2,1,2,3,0,4,0,5,0,3,1,0,1,17143.0
1,41.0,0,1,11.0,2,1,3,4,0,5,1,7,0,3,1,0,1,17107.0
0,36.0,1,1,29.0,2,1,3,6,0,3,3,2,0,4,1,2,1,22908.0
0,38.0,0,1,16.0,3,1,3,3,0,3,0,1,0,5,0,2,1,17684.0
0,39.0,1,3,10.0,2,0,2,4,1,3,1,5,0,5,1,1,2,20902.0
1,58.0,0,1,8.0,2,1,2,4,0,3,1,1,1,2,0,0,1,17380.0
0,39.0,0,1,5.0,3,1,2,4,2,3,0,2,0,5,1,1,4,34272.0
0,36.0,0,1,30.0,2,0,2,3,1,4,0,1,0,3,0,0,2,20674.0
0,43.0,0,1,36.0,2,0,4,4,1,3,1,4,0,3,1,2,2,23234.0
1,44.0,1,3,16.0,3,0,3,6,1,3,3,2,0,1,0,1,2,24024.0
0,22.0,0,1,32.0,2,0,2,4,0,3,1,2,1,3,0,0,1,17814.0
1,52.0,0,3,13.0,3,0,3,3,0,3,1,3,1,4,1,2,1,23446.0
0,34.0,1,1,6.0,2,0,2,4,0,4,0,6,0,1,1,1,1,18294.0
1,29.0,0,3,30.0,1,1,2,1,0,5,2,2,0,3,1,1,1,16091.0
0,37.0,1,3,17.0,1,0,4,5,1,3,1,3,1,1,1,3,2,24351.0
0,52.0,1,1,13.0,2,1,3,4,2,3,2,2,0,5,1,2,4,38215.0
0,40.0,1,3,6.0,3,1,2,5,1,3,1,3,1,3,1,0,2,22457.0
0,27.0,1,1,10.0,3,1,3,2,0,3,1,3,0,5,1,2,1,23098.0
0,46.0,0,1,11.0,2,1,3,4,1,4,0,3,0,4,1,2,2,23125.0
0,50.0,1,1,23.0,2,0,2,4,3,5,1,6,0,3,1,0,3,28269.0
0,31.0,1,1,30.0,3,0,3,4,1,5,3,2,0,5,0,2,2,21812.0
0,30.0,1,2,15.0,2,1,2,3,1,3,1,1,1,3,1,1,2,21347.0
0,41.0,1,1,9.0,3,0,4,5,1,3,0,8,0,5,1,1,2,22126.0
0,30.0,1,1,14.0,2,0,3,1,3,5,0,1,1,2,0,2,3,26416.0
0,41.0,1,1,9.0,3,1,4,4,0,3,1,4,0,1,0,1,1,21023.0
0,29.0,1,2,12.0,3,1,2,4,0,4,1,2,0,3,1,1,1,17804.0
0,30.0,0,3,7.0,3,0,3,4,3,3,0,3,0,3,1,1,3,26596.0
0,46.0,1,1,17.0,2,1,4,4,0,3,1,5,0,5,0,3,1,21332.0
0,49.0,1,1,27.0,3,1,3,4,0,3,0,6,0,2,0,1,1,20937.0
0,48.0,1,1,21.0,2,0,3,3,0,5,1,1,0,1,1,0,1,17367.0
0,56.0,0,1,25.0,3,1,4,4,1,4,0,5,1,5,1,3,2,25063.0
0,59.0,1,1,12.0,1,0,3,5,3,4,1,4,1,5,1,2,3,29230.0
0,40.0,1,1,7.0,2,0,4,5,4,3,0,3,0,3,0,2,0,31420.0
0,39.0,1,3,10.0,2,1,3,4,1,3,3,2,1,3,1,1,2,25539.0
0,29.0,1,1,16.0,3,0,4,4,0,3,1,7,0,3,1,2,1,21055.0
0,40.0,1,3,13.0,3,1,3,2,3,3,1,4,0,4,1,2,3,26915.0
0,35.0,1,1,9.0,2,1,4,5,0,3,1,5,0,5,1,1,1,21446.0
0,33.0,1,1,9.0,3,0,4,4,0,4,0,3,0,4,0,1,1,21048.0
0,39.0,1,1,16.0,2,1,4,4,0,3,1,4,0,1,1,2,1,23449.0
1,33.0,0,3,18.0,2,1,3,3,1,3,0,2,0,3,1,2,2,23385.0
0,40.0,1,1,25.0,3,1,1,3,1,3,1,1,1,1,1,0,2,17741.0
0,48.0,1,3,11.0,2,0,3,4,1,3,3,3,1,3,1,2,2,22841.0
0,28.0,1,1,9.0,3,1,3,4,0,4,0,2,0,5,1,1,1,22146.0
0,60.0,1,3,10.0,2,0,3,5,1,3,3,7,0,3,0,1,2,23849.0
0,34.0,0,1,7.0,2,0,4,4,3,3,2,3,1,2,1,1,3,32136.0
0,31.0,1,1,8.0,2,1,2,3,0,3,1,1,1,4,1,1,1,17695.0
0,27.0,0,1,16.0,2,1,2,3,3,5,1,2,0,3,1,0,3,23793.0
0,36.0,0,1,9.0,2,0,4,4,1,5,1,4,0,4,0,1,2,23771.0
0,36.0,0,3,14.0,1,1,2,3,1,3,1,5,0,3,1,1,2,20079.0
0,37.0,0,1,11.0,2,0,4,4,1,4,1,2,0,3,1,2,2,23809.0
0,24.0,1,1,33.0,2,1,3,4,0,3,1,3,0,1,0,2,1,21582.0
1,30.0,1,1,9.0,1,0,2,3,0,5,2,6,1,4,0,0,1,17657.0
0,47.0,1,2,12.0,3,1,4,4,1,4,1,2,1,5,0,2,2,23699.0
0,34.0,0,1,9.0,2,1,2,4,0,3,0,4,0,2,1,0,1,17979.0
0,32.0,1,3,36.0,3,0,4,5,1,3,1,3,0,3,1,1,2,24146.0
0,26.0,0,1,6.0,3,0,3,4,0,3,1,2,0,1,0,0,1,17007.0
0,32.0,1,1,9.0,2,1,3,4,0,3,1,2,1,4,1,2,1,21373.0
0,40.0,1,1,6.0,2,1,2,3,0,4,0,4,0,1,1,1,1,17387.0
0,30.0,0,1,7.0,2,1,4,6,0,3,1,3,0,1,0,3,1,21398.0
1,51.0,0,3,15.0,1,1,3,4,1,3,1,5,1,5,0,1,2,25474.0
0,32.0,0,1,10.0,3,1,3,4,0,5,1,3,1,1,0,1,1,21743.0
0,33.0,1,1,9.0,3,0,4,3,1,3,3,2,0,3,1,3,2,23733.0
0,30.0,1,3,27.0,3,1,3,4,1,3,1,4,0,2,1,2,2,25609.0
0,28.0,1,1,10.0,3,1,3,5,0,3,2,2,0,1,1,2,1,20723.0
0,26.0,1,1,8.0,3,1,2,1,1,3,0,2,0,3,1,1,2,20472.0
1,31.0,1,2,24.0,2,1,2,1,0,5,1,1,0,1,1,0,1,17956.0
0,45.0,1,1,11.0,3,0,2,5,1,5,2,2,1,3,1,0,2,20769.0
0,31.0,1,1,29.0,3,1,3,4,1,3,1,1,0,3,0,1,2,20582.0
1,43.0,1,3,15.0,3,0,2,5,1,3,2,1,0,2,1,1,2,20346.0
0,43.0,0,1,28.0,3,0,3,4,1,3,1,4,0,2,0,1,2,23943.0
1,35.0,0,1,14.0,2,1,4,6,1,3,3,3,1,5,1,1,2,24752.0
0,50.0,1,1,8.0,3,1,3,3,4,3,1,6,0,1,0,1,0,32639.0
0,46.0,0,3,33.0,3,1,3,5,1,5,1,3,0,3,0,1,2,23063.0
0,25.0,0,3,20.0,2,0,4,4,0,4,0,3,0,1,0,1,1,20711.0
0,37.0,1,3,10.0,3,0,3,4,1,4,3,5,1,4,0,2,2,27956.0
1,25.0,0,1,16.0,3,1,3,4,0,5,3,4,1,3,0,2,1,21850.0
1,42.0,0,3,11.0,3,1,3,4,1,4,3,3,0,3,1,1,2,28033.0
0,58.0,1,1,11.0,1,0,2,4,3,4,1,3,1,5,1,1,3,25552.0
1,18.0,1,1,9.0,3,1,2,3,0,3,2,2,0,4,1,0,1,16420.0
0,36.0,1,3,8.0,2,1,3,3,0,3,2,4,1,3,0,0,1,17644.0
0,29.0,1,1,13.0,3,0,3,4,0,3,1,7,0,5,1,1,1,17532.0
0,38.0,1,1,12.0,3,1,4,4,1,3,1,2,0,3,1,3,2,25025.0
0,32.0,1,1,33.0,2,1,3,4,0,3,1,3,0,3,0,2,1,21589.0
0,40.0,1,1,12.0,2,0,3,3,4,3,3,1,0,5,1,2,0,28237.0
1,37.0,1,2,16.0,1,0,3,4,0,3,1,3,0,1,1,1,1,24088.0
0,37.0,0,3,15.0,3,1,3,3,3,4,1,2,0,1,1,2,3,23834.0
1,35.0,1,3,33.0,2,1,2,3,1,3,2,2,1,5,0,0,2,20813.0
0,42.0,1,1,14.0,3,0,3,4,1,3,3,8,0,3,1,2,2,23681.0
0,22.0,1,1,11.0,2,1,2,2,0,4,1,2,1,4,0,0,1,17328.0
0,28.0,1,1,15.0,3,0,3,3,0,3,1,6,0,3,0,0,1,17377.0
0,43.0,1,1,12.0,2,1,2,4,4,3,1,5,1,3,1,0,0,31627.0
0,45.0,0,1,31.0,3,0,2,3,2,4,2,4,0,4,1,1,4,33061.0
0,52.0,0,1,31.0,3,0,2,4,4,3,0,4,0,5,0,1,0,28826.0
1,38.0,1,1,18.0,3,0,4,6,1,4,1,7,0,4,1,1,2,23455.0
0,39.0,1,3,23.0,2,0,3,4,1,4,3,4,0,1,0,1,2,22876.0
0,36.0,1,1,8.0,2,0,2,3,1,4,2,1,1,3,1,0,2,20410.0
0,39.0,1,1,6.0,3,0,3,3,0,3,1,1,0,3,0,1,1,17232.0
0,31.0,1,3,19.0,1,0,3,4,1,3,3,2,0,2,1,1,2,25255.0
0,41.0,1,1,9.0,2,1,3,5,0,3,3,4,0,5,0,2,1,21487.0
0,31.0,1,1,9.0,3,0,3,5,1,3,3,7,1,1,1,2,2,25555.0
0,28.0,0,1,12.0,2,0,3,4,0,3,2,2,1,1,1,2,1,21057.0
0,43.0,1,3,31.0,3,1,3,4,3,3,1,6,0,4,1,1,3,25798.0
0,28.0,1,1,33.0,3,0,2,5,1,5,1,1,0,4,1,0,2,20208.0
0,42.0,0,1,16.0,1,1,2,3,0,3,1,4,0,4,1,0,1,17936.0
0,33.0,1,1,10.0,3,0,2,4,0,4,1,7,0,4,0,1,1,17622.0
0,35.0,0,3,30.0,3,1,4,4,1,3,3,2,0,5,0,2,2,23246.0
0,48.0,1,1,10.0,2,1,3,4,3,3,3,1,0,5,1,0,3,25999.0
1,45.0,1,3,19.0,3,1,2,1,4,3,2,7,1,3,1,0,0,33824.0
1,41.0,0,3,10.0,3,1,2,3,1,4,3,2,0,3,1,0,2,24355.0
0,37.0,0,1,25.0,2,1,3,3,0,3,0,6,0,5,0,1,1,22366.0
0,27.0,0,1,8.0,3,1,2,3,0,3,2,3,0,3,0,1,1,17580.0
0,44.0,0,1,16.0,2,1,3,4,0,3,2,6,0,3,0,2,1,21116.0
0,56.0,1,3,7.0,2,1,4,4,3,3,1,5,0,1,0,3,3,28917.0
0,50.0,1,1,14.0,2,1,3,5,3,3,2,2,0,2,1,2,3,29643.0
0,53.0,1,1,10.0,3,1,3,5,3,3,0,4,1,2,0,1,3,26647.0
1,25.0,0,3,30.0,2,1,3,5,0,3,2,2,1,1,1,1,1,16118.0
0,43.0,0,1,16.0,3,0,4,4,0,3,3,3,0,4,1,2,1,22351.0
0,30.0,1,1,8.0,3,0,2,4,1,3,3,6,1,2,1,1,2,21877.0
0,48.0,1,1,10.0,2,1,2,3,3,3,3,2,0,5,1,1,3,22898.0
0,37.0,1,1,10.0,1,1,2,4,1,4,3,6,0,2,1,1,2,23163.0
0,41.0,0,3,16.0,2,1,2,3,1,3,2,1,0,2,0,1,2,21230.0
0,61.0,1,3,14.0,3,1,3,2,1,3,1,2,1,5,0,1,2,23898.0
1,50.0,1,3,9.0,3,1,2,4,0,3,0,2,1,4,0,0,1,17683.0
0,38.0,1,1,6.0,1,0,3,3,3,5,1,2,0,4,1,1,3,28582.0
0,28.0,1,1,6.0,2,1,2,3,0,3,1,2,0,1,0,0,1,17044.0
0,32.0,1,1,16.0,2,1,3,4,3,4,1,3,0,3,1,2,3,29326.0
0,42.0,0,1,27.0,3,0,2,3,1,3,1,3,0,1,0,0,2,20265.0
1,32.0,1,3,23.0,3,1,4,4,3,3,1,4,0,5,1,1,3,26839.0
0,45.0,1,1,16.0,2,1,4,4,0,5,1,3,1,3,1,1,1,21237.0
0,47.0,1,3,8.0,2,0,3,4,0,3,2,2,1,1,0,0,1,18294.0
0,52.0,1,1,12.0,1,1,3,3,1,5,1,4,1,4,1,1,2,20577.0
0,42.0,1,3,14.0,3,1,2,3,1,4,1,1,0,3,1,0,2,21825.0
0,44.0,0,1,28.0,3,1,4,4,0,3,0,2,0,4,0,3,1,20936.0
1,36.0,0,1,9.0,2,0,3,5,0,5,3,4,1,3,0,1,1,22184.0
0,28.0,1,1,21.0,2,1,3,4,0,5,0,3,1,4,1,1,1,20913.0
0,33.0,1,1,6.0,2,0,2,4,1,3,3,1,0,4,1,1,2,21949.0
0,39.0,1,3,17.0,3,1,4,5,3,3,1,2,1,3,1,1,3,27418.0
0,35.0,1,1,26.0,3,1,4,4,0,3,1,2,0,3,0,1,1,21339.0
0,29.0,1,1,24.0,3,1,4,4,1,5,1,3,0,1,0,2,2,23236.0
0,35.0,1,2,32.0,2,0,2,3,3,3,3,2,1,1,1,0,3,23837.0
0,29.0,1,2,15.0,3,1,4,5,0,3,1,3,0,1,1,1,1,23614.0
0,36.0,1,1,34.0,3,0,3,5,0,5,2,3,0,4,0,2,1,21237.0
0,54.0,1,1,30.0,2,0,4,4,4,3,2,8,0,5,1,2,0,32953.0
0,42.0,1,1,14.0,1,0,3,2,0,3,0,3,0,3,1,2,1,22054.0
0,41.0,0,3,12.0,2,1,3,5,3,5,1,7,1,5,0,1,3,29153.0
0,38.0,1,1,10.0,2,0,3,4,1,4,3,5,0,4,1,1,2,22785.0
1,34.0,1,1,13.0,2,1,3,3,1,3,1,2,0,3,0,0,2,17585.0
0,50.0,1,1,10.0,2,1,3,3,2,4,1,4,0,5,1,0,4,34144.0
0,57.0,1,1,16.0,3,1,3,4,4,3,1,2,0,4,0,1,0,29781.0
0,38.0,1,1,17.0,2,1,4,2,0,3,3,5,0,4,1,3,1,23358.0
0,42.0,1,1,35.0,2,0,3,5,4,4,1,2,0,5,1,2,0,32248.0
0,29.0,1,1,29.0,2,1,2,1,0,3,0,2,0,2,1,1,1,17700.0
0,36.0,1,1,7.0,3,1,3,5,0,3,0,8,0,2,1,2,1,20936.0
0,34.0,1,1,6.0,2,1,2,3,0,3,0,2,0,3,1,0,1,17691.0
0,34.0,0,3,23.0,2,0,3,4,1,3,1,3,1,1,0,1,2,24046.0
0,38.0,1,1,7.0,2,1,3,5,1,3,1,3,0,5,1,2,2,24671.0
1,44.0,1,2,6.0,3,1,3,4,3,5,1,1,0,4,1,0,3,25482.0
0,45.0,1,1,34.0,1,1,3,3,0,3,1,5,0,3,1,2,1,17132.0
0,35.0,1,1,22.0,2,1,3,3,3,3,0,5,1,2,0,1,3,22632.0
0,38.0,0,3,16.0,1,0,2,3,1,3,2,2,1,3,0,1,2,20666.0
0,51.0,1,1,35.0,3,1,4,3,0,3,0,3,1,2,1,3,1,21899.0
0,42.0,1,2,8.0,1,1,2,3,0,3,1,1,1,4,1,0,1,17696.0
0,43.0,0,1,6.0,2,0,2,3,1,3,1,5,0,1,1,1,2,20562.0
0,58.0,0,1,6.0,2,1,2,5,1,3,1,3,1,2,1,1,2,20660.0
1,19.0,0,1,16.0,3,0,3,4,0,4,2,2,1,5,1,1,1,16859.0
0,32.0,1,1,12.0,2,1,2,3,0,3,2,4,0,2,0,1,1,18038.0
0,18.0,0,1,11.0,2,1,3,3,0,3,2,2,0,1,0,1,1,16051.0
0,49.0,1,3,9.0,3,1,3,3,1,4,0,5,0,3,1,1,2,26798.0
0,29.0,1,1,8.0,2,1,3,3,0,4,0,1,0,4,0,0,1,17703.0
0,45.0,1,1,15.0,2,1,2,3,1,4,1,1,0,4,1,0,2,17348.0
0,31.0,1,1,6.0,2,1,3,4,0,5,1,2,0,4,1,1,1,17218.0
1,30.0,0,1,11.0,3,0,2,3,0,4,2,1,0,3,0,0,1,17422.0
0,47.0,1,1,20.0,2,1,3,4,1,4,3,8,0,4,1,1,2,24240.0
0,31.0,1,1,15.0,2,0,4,2,3,5,0,2,1,2,0,3,3,30094.0
0,39.0,1,1,7.0,2,0,3,4,3,3,3,6,1,2,0,2,3,26539.0
0,55.0,0,1,27.0,2,0,3,4,1,3,3,5,0,4,1,1,2,23547.0
0,34.0,1,1,33.0,3,0,3,3,0,4,2,3,0,3,1,0,1,17311.0
0,47.0,1,1,7.0,3,1,4,4,3,5,1,2,0,2,0,1,3,28074.0
0,41.0,1,3,15.0,2,1,3,3,3,3,1,4,1,1,0,1,3,23189.0
0,40.0,1,3,9.0,2,1,3,2,3,3,3,2,0,2,1,2,3,26558.0
0,42.0,1,1,21.0,2,1,3,4,0,3,1,6,0,4,1,2,1,21129.0
0,60.0,1,3,13.0,3,1,2,1,1,3,1,1,1,5,0,0,2,20220.0
1,28.0,0,1,31.0,2,1,4,5,0,3,2,3,1,3,1,2,1,21212.0
1,19.0,1,2,8.0,1,1,2,4,0,3,2,2,0,3,0,0,1,17564.0
1,35.0,1,2,16.0,1,0,3,4,0,3,0,3,0,1,1,1,1,21420.0
0,38.0,1,1,10.0,3,0,2,3,0,3,1,1,0,5,0,0,1,18306.0
0,31.0,1,1,7.0,2,1,3,5,1,3,0,3,1,2,1,2,2,23804.0
0,46.0,1,1,14.0,2,1,3,4,3,5,1,4,0,3,1,2,3,28402.0
0,43.0,0,1,12.0,2,1,4,4,0,3,1,6,0,3,0,2,1,20771.0
0,23.0,1,1,9.0,1,1,4,4,0,3,0,2,0,5,1,3,1,21201.0
1,39.0,1,3,11.0,1,1,2,3,1,3,0,4,0,2,0,1,2,17086.0
0,29.0,1,1,16.0,3,1,4,4,0,3,1,3,0,1,1,1,1,20748.0
0,29.0,1,3,16.0,2,1,4,4,1,3,3,3,0,3,1,1,2,23931.0
1,26.0,1,1,10.0,3,1,4,4,0,5,0,7,0,5,1,2,1,22709.0
0,35.0,1,1,7.0,2,0,3,5,0,4,0,7,0,1,1,2,1,21972.0
0,37.0,1,1,34.0,3,1,4,4,1,3,0,8,0,3,1,1,2,23915.0
1,45.0,1,3,8.0,2,1,3,6,1,4,2,8,0,3,0,2,2,21040.0
0,33.0,1,3,17.0,3,1,3,4,1,3,3,3,0,4,0,2,2,24074.0
0,37.0,0,1,25.0,3,0,4,4,0,3,2,3,0,3,1,3,1,20831.0
0,34.0,0,3,10.0,3,0,3,3,1,3,1,1,0,1,0,0,2,21538.0
0,30.0,1,1,22.0,2,0,3,5,1,3,3,2,1,1,1,2,2,22871.0
0,47.0,0,3,12.0,3,1,4,4,1,3,3,6,1,5,1,2,2,24450.0
0,31.0,1,1,13.0,1,0,3,5,1,3,0,2,0,4,1,2,2,23305.0
0,48.0,1,3,8.0,3,1,2,2,1,4,0,4,0,3,1,0,2,23120.0
0,31.0,1,3,14.0,3,1,3,4,0,4,3,2,0,2,1,1,1,21661.0
1,21.0,1,3,13.0,3,1,2,3,0,4,2,2,0,5,1,1,1,17679.0
0,29.0,1,1,16.0,3,0,4,4,0,3,1,7,0,3,0,1,1,21055.0
0,46.0,1,1,8.0,3,1,2,3,2,3,1,1,1,1,1,1,4,34328.0
1,52.0,1,3,34.0,2,1,3,4,1,3,2,3,1,5,1,2,2,32704.0
0,39.0,0,1,15.0,3,0,3,5,1,4,1,3,1,1,1,1,2,20811.0
0,44.0,1,2,6.0,2,0,2,4,1,3,2,5,0,5,1,1,2,20985.0
1,19.0,1,1,10.0,2,1,3,4,0,3,2,3,0,4,0,1,1,20098.0
0,28.0,0,3,10.0,3,0,4,2,1,3,1,3,1,1,1,1,2,23325.0
1,33.0,1,1,32.0,2,1,3,4,0,3,3,3,1,5,1,1,1,21473.0
1,29.0,1,1,31.0,1,0,3,4,0,4,1,6,0,3,1,2,1,17546.0
0,31.0,1,1,17.0,3,0,4,4,3,3,3,2,0,4,0,1,3,28345.0
0,28.0,0,3,7.0,3,1,4,4,1,4,1,2,1,1,0,2,2,25027.0
0,37.0,0,3,18.0,1,0,4,4,3,3,1,2,0,5,0,3,3,28416.0
0,43.0,1,3,7.0,2,1,3,4,1,3,0,3,0,3,1,1,2,23585.0
0,32.0,1,3,16.0,3,1,2,3,1,3,2,2,0,4,0,1,2,20396.0
0,31.0,1,1,15.0,2,0,4,2,3,5,1,2,1,1,0,3,3,30094.0
0,36.0,0,1,10.0,2,0,3,3,1,4,1,1,0,3,1,1,2,20131.0
1,36.0,0,3,19.0,2,1,3,4,1,3,3,5,1,3,1,1,2,23259.0
0,39.0,0,1,17.0,3,1,4,4,0,3,0,2,0,5,0,3,1,21362.0
1,33.0,1,1,14.0,2,1,4,4,1,3,0,3,0,3,1,2,2,23561.0
0,41.0,1,1,15.0,2,1,3,3,0,5,1,2,0,5,1,1,1,17289.0
0,42.0,1,3,16.0,2,1,4,4,3,3,1,5,1,1,0,2,3,26867.0
1,47.0,1,3,16.0,3,1,3,4,3,3,1,6,0,3,0,2,3,28774.0
1,37.0,1,1,23.0,2,0,3,2,0,5,3,3,0,1,1,1,1,21421.0
0,30.0,1,1,11.0,1,0,4,5,0,5,1,3,0,4,0,1,1,20787.0
0,33.0,0,1,36.0,3,0,4,4,0,3,3,2,0,3,1,1,1,22703.0
0,23.0,1,1,13.0,3,1,4,4,0,3,1,2,0,1,1,2,1,21451.0
0,28.0,1,3,30.0,3,0,3,5,1,3,1,3,0,1,1,2,2,22218.0
0,30.0,0,1,9.0,2,0,4,4,0,4,0,2,0,5,0,3,1,21858.0
0,49.0,1,3,9.0,3,0,3,4,1,3,0,4,0,5,1,1,2,22729.0
0,31.0,1,1,9.0,2,1,5,5,1,3,1,3,0,4,1,2,2,22830.0
0,41.0,0,1,15.0,3,1,3,3,2,3,1,3,0,4,1,2,4,34419.0
0,32.0,0,3,8.0,2,0,3,3,0,5,1,2,0,3,0,1,1,17827.0
0,26.0,1,1,10.0,2,1,2,3,0,3,2,2,1,1,0,0,1,17875.0
0,44.0,0,1,16.0,3,1,4,4,1,3,1,5,1,3,1,1,2,24357.0
0,36.0,1,1,13.0,2,1,3,3,0,4,2,3,0,1,0,2,1,17013.0
0,58.0,1,1,11.0,1,0,2,4,3,4,1,3,1,5,1,1,3,25552.0
0,37.0,0,1,31.0,2,0,3,4,1,4,0,2,0,3,0,1,2,24352.0
0,34.0,0,1,7.0,2,0,3,2,1,4,0,3,1,3,0,2,2,24166.0
0,26.0,1,1,12.0,2,0,2,4,0,4,1,2,0,3,1,1,1,17368.0
1,31.0,0,1,26.0,2,1,3,3,3,3,0,4,0,3,1,0,3,24824.0
0,21.0,1,1,21.0,2,1,3,3,0,3,2,2,0,3,1,1,1,16232.0
0,42.0,1,1,16.0,2,1,4,4,0,5,1,4,0,1,0,1,1,20916.0
0,34.0,1,1,21.0,3,0,4,4,0,4,1,3,0,5,1,2,1,21434.0
1,47.0,1,3,16.0,3,1,4,5,3,3,3,3,0,5,1,3,3,28297.0
1,34.0,0,2,29.0,2,0,2,3,3,5,1,1,1,3,1,0,3,24950.0
0,39.0,1,3,21.0,2,1,4,4,1,4,1,2,0,5,1,3,2,28602.0
0,29.0,1,3,16.0,2,1,2,3,0,3,2,2,0,4,0,0,1,17642.0
0,30.0,1,2,24.0,2,1,3,5,3,5,3,3,0,3,0,1,3,26666.0
0,24.0,0,3,30.0,3,1,2,3,0,3,0,1,0,4,0,1,1,17400.0
0,33.0,1,1,9.0,1,1,4,4,0,5,2,3,0,1,1,2,1,21117.0
0,44.0,1,1,10.0,3,1,2,3,1,4,2,1,0,2,1,0,2,20933.0
1,37.0,1,3,6.0,2,1,2,4,3,3,0,6,0,2,1,1,3,25609.0
0,43.0,0,1,36.0,2,0,4,4,1,3,1,4,0,3,1,3,2,23234.0
0,41.0,1,1,25.0,2,1,2,3,1,5,1,3,0,2,1,0,2,18072.0
0,43.0,0,1,9.0,2,1,3,4,3,3,1,4,1,3,1,1,3,28802.0
1,53.0,1,3,30.0,2,1,3,3,3,5,3,7,1,3,1,2,3,25448.0
0,51.0,0,3,8.0,3,1,2,3,3,4,0,3,0,4,0,0,3,25596.0
0,46.0,1,1,17.0,2,1,4,4,0,3,0,5,0,5,1,1,1,21332.0
0,27.0,1,3,12.0,2,0,2,5,0,3,3,2,0,1,0,1,1,21644.0
0,35.0,0,1,17.0,1,1,4,5,1,3,1,3,0,4,1,2,2,23741.0
1,42.0,1,3,27.0,3,0,4,4,0,4,3,3,1,4,0,3,1,21818.0
0,39.0,1,1,16.0,2,0,4,4,0,3,2,3,0,2,1,2,1,20966.0
1,58.0,0,1,8.0,2,1,2,4,0,3,1,1,1,1,1,0,1,17380.0
0,27.0,1,3,30.0,3,0,3,5,1,3,0,2,1,2,1,1,2,22835.0
1,25.0,0,1,14.0,2,0,3,4,0,3,0,3,1,4,0,1,1,21564.0
0,26.0,1,3,11.0,2,0,1,4,0,3,2,1,0,1,0,0,1,17966.0
0,38.0,1,1,10.0,2,0,3,4,1,4,3,5,0,4,1,1,2,22785.0
0,42.0,0,3,17.0,2,1,3,4,1,3,3,2,0,1,0,2,2,24908.0
1,44.0,0,1,30.0,2,1,2,3,0,3,1,4,1,5,0,1,1,18161.0
1,51.0,0,3,7.0,2,1,3,4,1,3,3,5,1,1,1,2,2,23406.0
0,31.0,1,1,25.0,2,0,4,4,0,3,3,3,0,2,1,1,1,21310.0
0,30.0,1,1,22.0,2,1,2,1,1,3,1,4,0,1,1,0,2,20294.0
0,34.0,1,1,9.0,3,1,4,4,0,3,2,6,0,3,1,3,1,21174.0
0,49.0,1,1,22.0,2,0,4,4,0,5,1,2,0,1,1,1,1,21045.0
1,43.0,0,1,23.0,1,1,2,4,0,3,1,1,1,5,1,1,1,17437.0
0,31.0,1,1,35.0,3,0,4,4,1,3,0,3,0,3,0,3,2,24453.0
0,35.0,0,1,8.0,2,0,3,3,1,5,1,3,0,4,1,2,2,20093.0
1,40.0,1,3,14.0,2,1,4,4,0,3,1,3,1,1,1,3,1,23212.0
0,40.0,0,3,34.0,2,1,2,5,3,5,1,4,0,5,1,0,3,25932.0
0,32.0,0,1,7.0,3,1,3,6,1,3,0,2,0,3,1,1,2,23023.0
0,50.0,0,1,8.0,2,1,3,3,4,5,1,2,0,5,1,2,0,32924.0
0,52.0,0,1,31.0,3,0,2,4,4,3,1,4,0,5,0,1,0,28826.0
1,33.0,1,1,8.0,2,0,2,3,0,5,0,1,0,3,1,0,1,17707.0
0,34.0,0,3,10.0,3,0,3,3,1,3,0,1,0,2,1,0,2,21538.0
0,36.0,1,1,23.0,3,1,3,3,0,4,0,2,0,3,1,2,1,21104.0
0,34.0,1,3,21.0,3,0,3,3,1,5,2,2,0,1,1,2,2,21125.0
0,38.0,0,3,11.0,3,1,3,4,0,3,1,6,0,4,1,1,1,20855.0
0,41.0,1,3,6.0,3,1,2,1,3,5,1,2,0,3,1,1,3,23392.0
1,59.0,1,1,28.0,3,0,4,4,1,4,1,6,0,3,1,2,2,28686.0
0,32.0,1,3,14.0,1,0,3,4,1,4,0,2,1,2,1,0,2,20228.0
0,36.0,0,3,17.0,1,0,3,3,3,3,1,1,0,5,0,2,3,24738.0
0,56.0,1,1,29.0,1,1,4,5,0,4,1,7,0,1,1,2,1,22215.0
0,44.0,1,1,10.0,3,1,2,3,1,4,2,1,0,1,1,1,2,20933.0
0,56.0,0,1,15.0,3,0,3,3,0,3,0,3,0,2,0,0,1,17942.0
0,37.0,0,3,27.0,3,0,2,3,0,3,1,6,0,1,1,0,1,17973.0
1,35.0,1,3,16.0,3,1,2,4,3,5,1,1,0,5,1,1,3,25306.0
0,31.0,1,3,13.0,2,1,2,4,3,3,1,1,0,3,1,0,3,26557.0
0,38.0,0,1,7.0,3,0,4,4,3,3,1,4,1,3,0,1,3,32281.0
0,56.0,1,1,7.0,3,1,3,2,4,3,1,4,0,5,1,1,0,33410.0
0,36.0,0,3,17.0,1,0,3,3,3,3,0,1,0,5,0,0,3,24738.0
0,31.0,1,1,7.0,3,1,4,4,0,4,1,3,0,5,0,2,1,22426.0
0,37.0,1,1,12.0,2,0,3,5,0,5,1,2,1,1,1,2,1,22097.0
0,38.0,0,1,35.0,2,0,2,3,1,3,2,2,0,3,1,0,2,17406.0
0,34.0,1,1,8.0,1,0,3,3,1,3,3,2,0,5,1,1,2,21687.0
1,42.0,1,3,7.0,2,0,4,4,1,3,3,2,1,4,0,3,2,24671.0
0,22.0,0,1,22.0,3,1,3,1,0,3,1,2,1,3,0,2,1,17935.0
1,48.0,0,3,34.0,2,0,4,2,1,3,3,6,1,4,1,3,2,25075.0
0,34.0,0,3,7.0,2,0,3,2,1,5,1,4,0,3,0,2,2,24054.0
0,30.0,1,1,35.0,2,0,4,4,0,3,1,6,0,5,1,1,1,21192.0
1,29.0,1,1,19.0,2,0,4,4,0,3,0,3,1,4,1,1,1,21193.0
0,40.0,0,1,32.0,3,0,2,3,1,4,1,2,0,2,1,0,2,20605.0
0,52.0,1,1,9.0,3,1,2,4,3,3,1,3,1,1,1,0,3,22969.0
1,19.0,1,2,8.0,1,1,2,4,0,3,2,2,0,3,1,1,1,17564.0
0,39.0,0,1,17.0,3,1,4,4,0,3,1,2,0,5,0,1,1,21362.0
0,41.0,0,1,15.0,2,1,4,4,1,3,1,5,1,3,1,2,2,22747.0
0,53.0,1,1,12.0,2,1,2,3,1,3,2,3,0,5,1,1,2,17450.0
0,49.0,1,3,36.0,3,0,4,4,3,3,1,5,0,4,0,2,3,31182.0
1,50.0,0,3,6.0,2,1,3,3,1,3,1,1,0,3,1,1,2,21728.0
1,35.0,0,1,31.0,2,0,3,3,0,4,1,2,1,3,0,0,1,17022.0
0,30.0,1,1,8.0,2,0,2,5,1,3,2,3,0,1,1,0,2,21091.0
0,26.0,1,3,10.0,2,1,4,4,1,5,0,3,1,4,1,1,2,22872.0
1,31.0,0,3,19.0,2,1,4,5,0,5,1,3,0,5,1,3,1,20711.0
0,36.0,1,1,20.0,2,1,3,3,1,3,0,1,1,5,1,2,2,21586.0
0,40.0,0,1,15.0,3,0,2,3,3,3,3,1,0,4,1,1,3,28499.0
1,34.0,0,2,29.0,2,0,2,3,3,5,1,1,1,3,1,0,3,24950.0
0,33.0,0,3,17.0,3,1,4,4,1,3,3,2,0,3,1,2,2,23326.0
1,53.0,0,3,14.0,3,0,4,4,0,3,1,4,1,4,1,3,1,27124.0
0,34.0,1,3,27.0,2,1,3,2,1,3,2,2,0,3,1,0,2,20337.0
0,40.0,0,1,7.0,2,1,4,4,1,3,1,3,1,5,1,3,2,25150.0
0,51.0,1,1,12.0,2,1,2,3,2,3,2,1,0,5,1,1,4,34537.0
0,40.0,1,1,10.0,3,1,4,5,1,3,1,2,0,4,0,3,2,21747.0
0,35.0,0,1,33.0,1,0,4,5,0,3,1,3,0,1,1,1,1,20707.0
0,43.0,1,3,11.0,3,1,3,4,1,5,3,2,0,5,1,2,2,23833.0
0,34.0,0,1,21.0,3,1,3,3,4,5,1,1,0,4,1,2,0,32007.0
0,27.0,0,1,14.0,3,1,4,4,0,3,2,3,0,4,1,3,1,21248.0
0,61.0,1,1,14.0,2,0,3,4,2,5,0,7,0,5,0,1,4,38244.0
0,48.0,0,1,21.0,1,1,4,4,1,4,1,2,0,3,0,3,2,24145.0
0,39.0,1,3,9.0,2,0,3,4,1,5,1,5,0,4,0,2,2,25571.0
0,37.0,1,3,22.0,3,1,3,4,1,3,1,5,0,5,1,0,2,21334.0
1,30.0,1,3,15.0,3,1,2,3,0,3,2,2,0,5,0,0,1,16081.0
0,38.0,1,1,29.0,2,1,2,3,1,3,1,1,0,3,0,0,2,20745.0
1,29.0,0,1,7.0,3,1,3,5,0,4,1,3,0,4,1,1,1,21274.0
0,45.0,1,1,8.0,2,0,2,4,1,3,1,2,0,4,1,1,2,20770.0
0,26.0,1,2,9.0,2,0,3,4,0,4,1,6,0,4,0,1,1,20865.0
0,33.0,1,3,15.0,1,0,4,5,1,4,1,3,1,1,1,3,2,23906.0
0,35.0,0,2,18.0,2,1,3,5,1,4,0,6,0,5,0,2,2,23168.0
0,57.0,1,1,14.0,2,1,3,6,3,3,3,6,0,2,0,1,3,25938.0
0,31.0,1,1,13.0,3,0,2,3,3,3,3,2,1,4,1,1,3,22143.0
0,34.0,1,1,6.0,2,1,2,3,1,3,1,1,0,4,1,0,2,20484.0
0,36.0,1,1,12.0,2,1,2,3,0,3,1,1,0,5,1,1,1,18210.0
0,27.0,1,1,13.0,2,0,4,4,0,3,0,3,1,2,0,1,1,21337.0
1,20.0,1,3,29.0,3,1,3,4,0,3,2,3,1,1,1,1,1,20353.0
0,35.0,1,3,22.0,3,1,3,3,3,4,1,1,0,1,1,1,3,23020.0
1,38.0,1,3,7.0,2,1,3,5,3,3,1,7,0,1,1,2,3,29287.0
1,40.0,1,1,15.0,2,1,2,3,0,5,2,4,0,1,1,1,1,17018.0
1,26.0,1,1,31.0,2,1,2,5,0,3,2,2,0,2,1,1,1,17293.0
0,38.0,1,1,35.0,1,1,2,3,1,3,0,4,0,2,0,1,2,21261.0
0,43.0,0,1,33.0,2,0,2,3,3,5,0,1,0,4,0,0,3,25820.0
0,31.0,1,1,17.0,3,1,3,3,1,5,0,2,1,2,0,2,2,21833.0
1,28.0,1,1,30.0,2,1,2,4,0,3,2,6,1,1,0,0,1,17028.0
0,36.0,1,1,32.0,2,1,3,3,1,3,1,7,0,3,1,0,2,20347.0
0,23.0,1,1,15.0,2,1,4,6,0,5,0,3,0,2,1,1,1,21129.0
0,41.0,1,3,11.0,3,1,4,5,3,3,0,2,0,2,1,1,3,29533.0
0,34.0,1,1,16.0,3,1,3,4,0,3,1,2,0,1,0,2,1,21459.0
1,40.0,1,1,30.0,3,1,4,4,0,5,3,2,0,3,0,3,1,22582.0
0,27.0,1,1,9.0,3,1,2,4,0,3,2,1,0,2,0,0,1,17045.0
0,39.0,0,1,9.0,2,0,4,2,1,5,3,8,1,1,0,1,2,24658.0
0,35.0,1,1,10.0,2,1,3,3,0,3,1,2,0,4,0,0,1,16951.0
0,30.0,1,1,16.0,3,0,3,4,0,3,1,2,0,5,1,2,1,21652.0
0,49.0,0,1,8.0,2,1,2,3,2,3,1,4,0,3,1,0,4,34161.0
0,31.0,1,1,32.0,2,1,2,3,0,3,1,2,0,3,0,1,1,17911.0
0,31.0,1,1,9.0,3,1,3,5,0,3,3,2,0,4,0,1,1,21398.0
0,31.0,1,1,8.0,2,1,2,3,0,3,1,1,1,4,1,1,1,17695.0
0,28.0,0,3,10.0,3,0,4,3,1,3,1,3,1,2,1,3,2,23325.0
0,37.0,1,1,16.0,2,0,2,3,0,5,1,1,1,3,1,0,1,17782.0
0,39.0,1,1,9.0,3,0,3,5,3,3,1,5,1,5,1,2,3,26434.0
0,38.0,0,1,18.0,2,1,3,4,3,3,1,3,1,3,0,2,3,30863.0
0,37.0,1,1,10.0,2,1,4,2,1,5,1,8,0,1,1,3,2,25520.0
0,36.0,1,1,16.0,2,1,4,5,1,4,3,2,0,2,1,3,2,25218.0
0,33.0,1,1,12.0,2,1,3,5,1,3,3,2,0,1,0,2,2,28357.0
0,31.0,1,3,12.0,3,1,3,2,1,3,1,5,0,5,1,2,2,20460.0
1,36.0,1,1,21.0,2,1,3,5,0,4,1,3,1,5,1,2,1,22421.0
0,27.0,1,3,16.0,3,0,3,4,1,3,0,2,1,3,1,2,2,20769.0
0,41.0,1,2,6.0,2,1,2,4,2,3,0,2,0,2,1,1,4,34189.0
0,37.0,1,3,18.0,3,0,4,5,1,3,1,6,0,1,1,2,2,25330.0
1,28.0,1,1,13.0,2,1,3,3,0,5,3,4,1,3,0,2,1,21674.0
0,36.0,0,1,24.0,3,0,3,3,0,3,2,2,0,3,1,2,1,17153.0
0,32.0,1,1,16.0,2,1,3,5,0,4,3,2,1,3,1,1,1,21335.0
0,59.0,0,3,9.0,3,1,3,4,4,4,1,6,0,4,1,1,0,21383.0
0,35.0,1,1,9.0,1,0,4,4,1,3,3,3,0,5,1,2,2,25365.0
1,33.0,1,1,7.0,2,1,4,5,0,3,3,2,1,5,1,1,1,22408.0
0,36.0,1,1,15.0,2,1,3,2,0,3,1,3,0,5,1,2,1,20947.0
1,34.0,1,1,17.0,3,1,3,6,0,3,1,2,0,5,0,1,1,22086.0
0,47.0,1,1,14.0,3,1,4,4,3,3,1,8,0,1,1,2,3,29523.0
1,38.0,1,2,13.0,2,1,4,4,0,5,1,6,1,2,1,1,1,20751.0
1,33.0,1,1,16.0,3,0,3,4,0,5,3,2,0,4,1,2,1,22878.0
0,23.0,0,1,23.0,3,1,4,3,0,3,1,3,1,3,0,1,1,21613.0
0,43.0,1,2,9.0,1,1,3,4,0,3,1,2,1,4,1,2,1,21374.0
0,40.0,1,1,8.0,3,1,2,3,2,3,1,1,0,5,0,0,4,34436.0
0,39.0,1,3,21.0,3,1,3,3,4,5,3,1,0,1,1,2,0,28341.0
0,24.0,1,1,23.0,2,1,3,4,0,4,0,2,0,3,1,1,1,17127.0
0,39.0,1,3,27.0,2,1,2,4,1,3,0,4,1,1,0,1,2,21120.0
1,20.0,1,3,28.0,2,1,3,5,0,4,2,3,1,1,1,2,1,20799.0
0,29.0,1,1,10.0,3,0,4,4,3,4,1,2,0,4,0,1,3,26333.0
0,38.0,0,1,8.0,2,0,3,1,1,5,2,7,1,1,0,0,2,20980.0
1,26.0,1,1,13.0,3,0,2,4,3,5,1,1,1,4,1,1,3,17875.0
0,30.0,1,1,11.0,1,0,2,3,0,5,1,6,0,5,0,1,1,18204.0
0,29.0,1,1,14.0,3,1,3,4,1,3,1,2,1,3,1,1,2,20056.0
1,29.0,1,1,13.0,1,0,2,3,0,3,1,4,1,4,1,0,1,31124.0
0,24.0,1,1,19.0,2,1,4,4,0,3,3,3,0,5,1,1,1,21325.0
0,45.0,0,1,24.0,2,1,4,6,0,3,2,4,0,4,1,2,1,20968.0
0,29.0,1,1,28.0,3,1,3,4,0,3,0,3,0,2,0,1,1,21391.0
0,25.0,1,1,30.0,3,1,3,3,0,3,0,3,1,4,0,2,1,21403.0
1,32.0,0,3,9.0,2,0,3,5,0,3,3,2,0,5,0,2,1,21463.0
0,56.0,1,1,29.0,2,1,3,3,4,4,0,5,1,4,1,2,0,28402.0
0,27.0,1,1,6.0,2,0,3,3,3,5,0,2,0,4,1,2,3,22412.0
0,42.0,1,1,7.0,2,1,4,4,0,3,1,5,0,1,0,1,1,21460.0
0,44.0,0,1,14.0,3,1,3,3,0,3,1,6,0,4,0,2,1,20767.0
0,38.0,1,3,15.0,3,1,3,4,0,4,0,1,0,4,0,0,1,17899.0
0,35.0,1,3,15.0,2,0,4,4,1,5,1,7,0,1,1,3,2,25178.0
0,33.0,0,1,9.0,2,0,2,3,0,3,1,2,1,1,1,1,1,17909.0
0,50.0,1,1,13.0,2,0,3,5,4,3,1,4,1,5,1,1,0,32644.0
1,59.0,1,1,9.0,1,1,3,4,0,3,2,6,0,2,1,2,1,21157.0
0,49.0,0,1,24.0,2,1,3,3,1,3,1,2,1,2,0,1,2,21804.0
0,41.0,1,3,7.0,3,1,3,6,1,3,1,4,1,3,1,1,2,26135.0
0,46.0,1,1,14.0,3,0,3,4,0,3,1,6,1,3,0,2,1,23155.0
0,27.0,1,1,11.0,2,1,3,4,0,3,3,3,1,1,0,1,1,21553.0
0,52.0,1,1,16.0,2,1,4,4,0,3,0,5,0,3,1,1,1,20753.0
0,33.0,1,1,7.0,3,1,3,4,1,3,0,3,1,4,1,1,2,24840.0
0,42.0,1,1,19.0,2,1,3,4,0,3,1,5,1,3,1,1,1,23444.0
0,49.0,1,3,23.0,2,0,4,4,1,3,1,2,0,4,1,1,2,25117.0
0,40.0,1,1,26.0,1,1,3,3,3,3,0,5,0,3,1,1,3,25322.0
1,19.0,0,1,15.0,3,1,4,4,0,3,2,3,0,5,1,1,1,20582.0
0,42.0,1,1,29.0,2,0,2,3,4,3,2,3,0,3,0,0,0,30992.0
0,42.0,0,3,32.0,3,0,3,3,4,4,0,6,0,3,1,2,0,28525.0
0,42.0,1,1,30.0,3,1,2,3,3,5,0,2,1,2,1,1,3,22406.0
1,59.0,1,1,9.0,1,0,4,5,3,3,1,2,0,5,0,1,3,21050.0
1,30.0,0,3,32.0,3,0,2,4,1,5,3,6,0,1,1,1,2,21696.0
0,36.0,1,1,23.0,2,0,4,5,3,4,3,3,0,1,1,3,3,27284.0
0,54.0,1,1,6.0,3,0,2,3,4,3,2,7,0,4,1,1,0,32328.0
0,29.0,0,1,6.0,2,1,3,5,0,3,1,2,0,1,0,2,1,17720.0
1,25.0,1,3,11.0,3,1,2,4,1,3,2,2,1,3,0,1,2,20744.0
0,35.0,1,3,17.0,2,0,3,4,0,3,1,3,1,1,0,2,1,20898.0
0,39.0,1,3,17.0,3,1,4,5,3,3,1,2,1,3,1,2,3,27418.0
0,35.0,0,1,17.0,3,1,3,4,0,3,1,3,1,3,1,2,1,22493.0
0,31.0,1,1,7.0,3,1,4,4,0,4,0,2,1,4,1,3,1,22257.0
0,35.0,1,1,31.0,1,1,3,4,3,4,1,4,0,3,1,1,3,25903.0
1,38.0,0,1,17.0,3,1,4,4,3,3,1,8,0,3,1,3,3,28726.0
0,21.0,0,3,15.0,3,1,2,3,0,3,2,2,0,4,1,0,1,17610.0
0,31.0,1,1,14.0,3,1,3,5,0,4,1,3,0,5,0,1,1,20819.0
0,34.0,1,1,15.0,2,1,4,4,1,3,3,4,1,3,0,3,2,25066.0
0,26.0,1,3,11.0,2,0,4,5,1,3,3,3,1,1,0,3,2,23165.0
0,30.0,1,1,30.0,2,1,3,3,0,3,1,2,0,3,1,2,1,17693.0
0,39.0,0,2,17.0,2,1,4,4,1,3,1,5,0,3,0,3,2,24755.0
0,50.0,1,3,15.0,1,1,3,5,4,4,0,8,0,4,1,1,0,31798.0
0,32.0,1,1,8.0,1,1,3,3,0,5,2,2,0,1,1,1,1,17439.0
0,43.0,1,1,8.0,3,0,3,2,0,3,1,2,0,2,0,1,1,17645.0
0,38.0,1,1,28.0,2,1,4,2,0,5,1,3,1,3,1,1,1,22242.0
0,33.0,1,1,7.0,2,1,4,4,0,5,3,3,0,2,0,3,1,21634.0
0,43.0,0,1,16.0,2,0,2,3,0,3,2,1,0,5,0,1,1,17455.0
0,44.0,0,1,23.0,2,1,3,5,0,3,2,3,0,4,1,1,1,17290.0
0,30.0,0,3,27.0,1,0,3,4,0,3,0,3,0,3,0,2,1,20835.0
0,30.0,1,1,10.0,3,1,3,4,0,5,3,3,1,3,0,2,1,23401.0
0,43.0,0,3,33.0,3,0,4,4,4,4,0,7,0,3,1,3,0,32203.0
0,53.0,1,1,18.0,2,0,3,4,1,3,1,2,0,1,1,1,2,21827.0
1,33.0,0,1,12.0,2,0,3,2,0,3,2,5,1,1,0,2,1,21110.0
0,27.0,1,1,10.0,3,1,3,2,0,3,0,3,0,5,1,2,1,23098.0
0,29.0,1,1,7.0,1,1,3,4,0,5,2,4,0,4,0,1,1,20758.0
1,47.0,0,1,35.0,2,1,2,3,3,4,0,2,1,3,1,0,3,26849.0
0,32.0,1,3,16.0,3,1,2,3,1,3,2,2,0,4,1,1,2,20396.0
0,25.0,1,1,24.0,2,1,4,5,0,4,0,3,0,3,1,2,1,20805.0
1,30.0,0,1,11.0,3,0,2,3,0,4,2,1,0,3,0,0,1,17422.0
0,40.0,1,1,20.0,3,1,2,4,2,3,2,2,0,3,1,1,4,34626.0
0,30.0,1,1,36.0,2,1,4,6,1,3,1,2,0,5,1,3,2,25062.0
1,26.0,1,2,27.0,3,0,4,4,0,4,1,2,1,3,0,2,1,22347.0
0,32.0,1,1,12.0,2,1,2,3,0,3,2,4,0,1,0,1,1,18038.0
0,55.0,1,1,26.0,1,1,2,3,1,3,0,4,1,2,1,1,2,20415.0
0,53.0,1,1,18.0,2,0,3,4,1,3,0,2,0,2,1,2,2,21827.0
0,44.0,0,1,17.0,2,0,3,5,1,3,1,3,0,3,1,1,2,23935.0
0,46.0,1,1,9.0,2,0,3,5,1,3,1,3,0,4,1,2,2,24448.0
0,55.0,0,1,24.0,3,1,3,3,1,4,1,4,1,5,1,1,2,21385.0
0,40.0,1,1,9.0,1,0,4,5,1,3,3,3,0,2,1,1,2,23231.0
1,44.0,1,1,9.0,2,1,2,3,0,5,0,5,0,5,1,1,1,17362.0
0,46.0,1,3,16.0,3,1,4,4,3,5,1,6,1,1,0,1,3,29439.0
0,43.0,1,1,36.0,2,1,4,4,1,4,1,3,0,3,1,1,2,23112.0
1,29.0,1,1,16.0,2,0,3,4,0,5,2,7,1,5,1,1,1,17404.0
1,30.0,1,3,30.0,2,0,3,5,3,5,1,3,0,3,1,2,3,26014.0
0,31.0,1,1,31.0,2,1,4,4,0,3,1,3,0,2,0,2,1,21371.0
1,29.0,1,1,24.0,3,1,2,4,0,3,2,2,1,3,0,1,1,17389.0
0,54.0,1,1,14.0,2,1,3,3,4,3,0,5,0,2,0,1,0,33492.0
1,33.0,1,1,8.0,2,0,2,3,0,5,1,1,0,3,1,1,1,17707.0
1,19.0,0,3,6.0,1,0,3,5,0,5,2,1,0,3,1,0,1,17325.0
0,47.0,1,1,14.0,3,1,4,4,3,3,1,8,0,2,0,3,3,29523.0
0,31.0,1,1,32.0,2,1,2,3,0,3,1,2,0,3,1,1,1,17911.0
0,32.0,1,1,8.0,3,1,2,3,1,4,1,1,0,4,0,1,2,20470.0
0,44.0,1,1,8.0,2,0,3,1,3,3,1,2,1,4,1,0,3,22879.0
0,30.0,1,3,11.0,3,0,1,4,1,3,1,2,0,1,1,0,2,21118.0
0,30.0,1,3,10.0,3,0,3,4,1,4,1,2,1,3,1,1,2,20209.0
0,41.0,0,1,16.0,3,0,3,4,3,3,2,2,0,4,0,1,3,32177.0
0,41.0,1,1,7.0,2,0,3,4,1,3,1,6,0,3,0,2,2,25191.0
0,41.0,1,1,7.0,2,1,3,4,0,3,1,2,0,1,0,1,1,21084.0
0,38.0,0,3,16.0,3,1,4,4,3,4,1,3,0,1,1,3,3,27512.0
0,28.0,1,3,15.0,2,1,3,3,1,3,2,2,0,3,1,0,2,20253.0
1,35.0,1,1,24.0,2,0,3,4,0,3,3,3,1,5,1,1,1,23216.0
0,37.0,1,1,6.0,2,0,3,3,1,4,0,7,0,2,1,1,2,21447.0
0,39.0,0,1,14.0,2,1,3,2,0,3,1,3,0,3,0,1,1,21288.0
0,27.0,0,3,6.0,3,1,3,3,1,4,1,1,1,1,0,1,2,21349.0
0,22.0,1,1,21.0,3,0,2,3,0,3,2,2,0,2,1,1,1,17871.0
1,34.0,1,1,12.0,3,1,2,3,0,5,2,3,0,4,0,0,1,17960.0
0,28.0,1,1,24.0,1,1,3,4,0,4,0,2,1,4,1,1,1,21736.0
0,30.0,1,1,16.0,2,1,4,2,0,3,1,8,0,5,1,1,1,21129.0
0,36.0,1,1,12.0,1,1,4,4,3,4,3,2,0,3,0,1,3,26773.0
0,28.0,1,1,9.0,2,0,3,4,0,5,1,3,0,3,1,2,1,21019.0
0,45.0,1,1,6.0,2,1,3,1,2,3,1,1,0,4,1,1,4,34202.0
0,60.0,1,1,13.0,2,0,2,3,2,5,0,6,0,5,0,0,4,34566.0
0,29.0,0,1,7.0,2,0,3,6,1,3,0,2,0,3,1,1,2,25352.0
0,33.0,1,1,6.0,2,1,3,4,0,5,2,4,1,4,1,1,1,17799.0
0,31.0,1,1,12.0,1,0,3,4,0,5,1,7,0,5,0,2,1,21882.0
0,42.0,1,1,8.0,2,1,3,4,1,3,3,4,0,2,0,1,2,21781.0
0,34.0,0,1,7.0,2,0,4,4,3,3,2,3,1,1,1,1,3,32136.0
0,36.0,1,1,34.0,2,1,3,4,1,3,1,4,0,5,0,2,2,25561.0
0,50.0,1,1,6.0,3,1,3,3,4,3,1,1,0,5,0,2,0,32399.0
1,44.0,1,1,16.0,2,1,3,3,0,3,2,2,1,3,1,0,1,17936.0
1,27.0,1,3,11.0,3,1,3,5,1,3,3,3,1,2,1,2,2,24506.0
0,35.0,0,3,14.0,3,0,3,4,3,3,0,5,1,5,1,2,3,25377.0
0,36.0,1,1,7.0,1,0,3,5,3,5,1,3,1,1,1,0,3,25252.0
1,36.0,0,1,32.0,2,0,4,4,0,4,1,3,1,3,0,1,1,20700.0
0,37.0,1,1,9.0,2,0,4,4,0,3,0,6,0,5,1,1,1,21221.0
0,31.0,0,1,30.0,2,1,4,6,0,3,1,3,0,3,1,3,1,21291.0
0,47.0,0,1,22.0,3,1,3,1,1,3,1,2,1,2,0,0,2,20067.0
0,24.0,1,1,16.0,3,1,3,4,0,5,1,3,0,3,1,1,1,21178.0
0,32.0,1,3,14.0,1,1,4,2,1,3,1,6,0,1,1,2,2,25607.0
1,25.0,1,1,24.0,2,0,4,4,0,4,0,3,0,2,0,2,1,20888.0
0,31.0,1,2,8.0,2,1,3,4,1,5,0,4,0,3,0,1,2,21410.0
0,31.0,1,1,12.0,1,0,3,4,0,5,1,7,0,5,1,2,1,21882.0
1,41.0,1,1,14.0,2,1,4,4,0,5,2,5,1,3,0,2,1,20844.0
0,33.0,1,1,16.0,2,0,4,4,1,3,1,3,1,5,1,3,2,25000.0
0,35.0,1,3,20.0,3,1,3,4,3,3,1,3,0,1,1,2,3,27306.0
0,36.0,0,3,9.0,3,1,2,4,3,3,0,5,0,2,0,1,3,24699.0
1,42.0,0,3,11.0,3,1,3,4,1,4,3,3,0,3,1,1,2,28033.0
0,27.0,0,3,14.0,2,1,2,3,3,3,3,2,0,1,1,0,3,23726.0
0,47.0,1,1,10.0,2,0,3,4,3,4,1,1,1,4,1,2,3,25333.0
0,43.0,1,1,17.0,2,1,1,3,3,3,1,2,0,1,1,0,3,22510.0
0,36.0,1,3,7.0,3,1,3,4,1,3,0,2,0,3,1,1,2,23395.0
0,35.0,1,1,28.0,2,0,3,1,3,4,1,1,0,5,1,2,3,26996.0
0,44.0,1,1,9.0,3,0,4,3,0,3,1,3,0,2,0,2,1,21323.0
0,31.0,1,3,22.0,3,1,4,5,3,5,1,4,0,1,0,3,3,25818.0
0,45.0,1,1,12.0,2,1,2,3,3,5,0,5,1,3,0,0,3,28245.0
0,40.0,1,1,25.0,2,1,3,4,1,3,3,2,0,3,0,1,2,23212.0
0,31.0,1,1,15.0,2,1,2,3,3,4,1,2,0,3,0,0,3,25648.0
0,38.0,0,1,8.0,2,1,2,3,0,3,1,2,1,5,1,0,1,16702.0
1,35.0,0,1,16.0,2,1,4,4,1,5,1,6,0,3,0,2,2,24024.0
0,22.0,1,3,12.0,3,1,3,4,0,5,2,3,1,1,1,1,1,21058.0
0,32.0,1,1,18.0,2,1,3,4,0,3,1,5,1,3,0,1,1,21034.0
0,45.0,1,3,17.0,2,0,2,3,4,3,1,4,0,4,0,1,0,32650.0
0,29.0,1,1,34.0,3,0,3,6,1,5,1,2,0,4,1,1,2,23886.0
1,27.0,0,2,24.0,2,0,3,4,0,3,1,2,1,5,0,2,1,21419.0
0,45.0,1,3,35.0,3,0,3,2,4,3,1,5,1,1,1,1,0,31998.0
1,31.0,0,1,12.0,3,0,3,4,0,4,2,2,0,3,0,1,1,21100.0
1,35.0,1,3,10.0,1,1,2,3,3,5,3,1,1,4,1,1,3,24582.0
0,32.0,0,1,12.0,3,1,4,4,1,5,2,2,0,1,0,3,2,28614.0
0,36.0,1,3,8.0,3,1,3,4,3,3,1,2,0,1,1,1,3,22596.0
0,30.0,0,1,9.0,2,1,2,3,0,3,0,5,0,3,0,1,1,17097.0
0,34.0,1,3,14.0,2,0,3,3,1,5,1,6,0,1,1,2,2,21500.0
1,36.0,1,1,21.0,2,1,3,5,0,4,1,3,1,5,1,2,1,22421.0
0,35.0,1,3,14.0,2,0,3,3,0,3,1,2,0,3,1,2,1,17572.0
0,46.0,0,1,30.0,2,1,3,4,1,5,0,3,1,2,1,1,2,22311.0
0,29.0,0,1,6.0,2,1,3,5,0,3,1,2,0,2,1,0,1,17720.0
0,49.0,1,1,11.0,1,1,3,3,1,3,0,3,0,3,0,0,2,21651.0
0,37.0,1,1,13.0,2,1,3,6,0,3,1,3,0,1,1,1,1,21419.0
0,51.0,1,1,12.0,2,1,2,3,2,3,2,1,0,5,1,0,4,34537.0
0,32.0,0,1,19.0,2,0,3,4,0,4,0,2,0,5,0,0,1,17743.0
0,31.0,1,1,7.0,2,1,3,6,0,3,0,5,0,4,1,1,1,22511.0
0,36.0,1,1,17.0,2,1,3,4,0,3,1,3,0,5,1,1,1,22595.0
1,34.0,1,3,16.0,3,0,4,4,1,5,3,2,1,3,0,2,2,26902.0
0,33.0,1,1,6.0,3,0,3,2,4,3,1,5,0,2,0,2,0,31184.0
0,34.0,1,3,19.0,3,1,2,3,3,3,1,2,0,1,1,1,3,23628.0
1,32.0,1,3,10.0,3,1,2,5,3,3,1,2,0,1,1,0,3,25400.0
0,25.0,1,3,19.0,3,1,2,3,0,3,0,2,0,3,1,0,1,17096.0
0,38.0,1,3,13.0,3,0,2,2,1,5,1,2,1,3,0,0,2,20605.0
0,31.0,0,3,11.0,3,0,2,3,0,4,1,2,0,3,0,0,1,17789.0
0,35.0,1,1,13.0,2,1,2,3,3,3,3,4,0,3,0,0,3,25221.0
0,35.0,0,1,26.0,3,0,3,4,1,4,1,6,0,3,1,1,2,23122.0
0,46.0,1,1,35.0,1,1,4,4,0,3,1,6,0,3,1,3,1,20810.0
0,55.0,1,3,9.0,2,0,3,5,3,3,1,8,0,5,1,2,3,29364.0
0,54.0,1,2,25.0,3,1,2,3,3,4,0,3,0,3,1,0,3,25725.0
0,35.0,1,1,7.0,2,1,3,5,0,3,1,3,1,1,1,2,1,22300.0
0,32.0,1,1,8.0,1,1,2,4,1,5,2,5,0,4,0,1,2,17176.0
0,35.0,1,1,7.0,3,1,4,4,1,4,1,3,0,5,1,3,2,23003.0
0,31.0,1,3,12.0,3,0,2,5,1,3,1,3,0,1,1,1,2,24796.0
0,36.0,1,1,23.0,3,1,3,2,0,4,1,2,0,4,1,2,1,21104.0
0,30.0,1,1,16.0,3,0,3,3,3,3,3,1,0,4,0,0,3,24667.0
0,34.0,0,1,13.0,2,1,2,4,1,3,1,5,0,5,1,1,2,26403.0
0,31.0,1,3,14.0,2,1,2,3,3,3,1,2,0,3,1,0,3,25793.0
0,25.0,0,1,11.0,2,1,3,5,0,3,1,2,0,3,0,2,1,21840.0
0,43.0,0,3,21.0,2,1,2,4,1,3,1,4,0,5,1,0,2,21804.0
1,31.0,0,3,19.0,2,1,4,5,0,5,0,3,0,5,1,1,1,20711.0
1,32.0,1,2,25.0,2,1,3,2,0,5,1,2,0,1,1,1,1,21634.0
1,32.0,0,1,11.0,2,0,2,1,0,3,2,4,1,1,0,1,1,17432.0
0,29.0,1,3,9.0,3,0,3,4,1,4,0,3,1,3,1,1,2,23457.0
0,38.0,1,1,6.0,2,0,2,3,0,5,2,4,0,1,0,1,1,17619.0
0,45.0,1,1,27.0,2,1,3,4,0,4,3,3,0,5,1,2,1,22098.0
0,34.0,0,1,22.0,2,0,3,4,0,3,2,2,0,5,1,1,1,17553.0
0,30.0,1,1,11.0,1,0,2,3,0,5,1,6,0,5,1,1,1,18204.0
0,31.0,1,1,9.0,3,0,3,5,1,3,3,7,1,2,1,2,2,25555.0
1,26.0,1,3,14.0,1,1,2,4,1,5,2,7,0,3,0,0,2,20326.0
0,42.0,1,1,13.0,3,1,4,5,1,4,3,8,1,3,1,1,2,24710.0
0,28.0,1,3,18.0,3,0,4,2,0,3,0,2,0,3,1,2,1,21212.0
0,32.0,1,1,11.0,2,1,3,1,0,4,1,1,1,1,1,2,1,18298.0
0,37.0,1,1,6.0,2,0,3,3,1,4,1,7,0,1,1,2,2,21447.0
0,37.0,1,3,9.0,3,1,4,5,3,3,0,3,0,2,1,1,3,26274.0
0,42.0,1,1,15.0,2,1,3,4,2,3,2,1,0,1,1,1,4,34613.0
0,31.0,1,3,13.0,2,1,2,4,0,3,1,4,0,4,1,1,1,17329.0
0,32.0,1,1,9.0,2,1,4,4,0,3,1,3,0,5,0,3,1,22155.0
0,32.0,1,1,7.0,3,1,3,4,0,4,2,3,0,3,1,1,1,21179.0
0,43.0,1,1,9.0,2,0,3,4,1,3,1,3,0,1,0,1,2,22767.0
0,34.0,0,1,32.0,1,0,3,4,0,3,1,2,0,1,1,0,1,17029.0
1,41.0,1,1,18.0,1,0,2,3,2,3,1,2,0,4,1,1,4,34545.0
0,30.0,1,3,26.0,2,1,4,5,1,3,1,3,0,4,1,1,2,27298.0
0,31.0,0,1,16.0,3,1,4,4,1,5,1,3,0,1,1,2,2,21750.0
0,55.0,1,1,8.0,2,0,3,3,4,3,2,3,1,5,0,1,0,31659.0
1,24.0,1,2,28.0,2,1,2,5,0,3,1,2,0,1,0,1,1,16555.0
0,41.0,0,1,33.0,3,0,4,5,1,3,0,5,1,2,1,1,2,23100.0
0,30.0,1,1,35.0,2,0,4,4,0,3,1,6,0,5,0,2,1,21192.0
1,32.0,1,3,6.0,2,1,2,5,1,4,3,7,0,3,0,1,2,21735.0
0,39.0,1,1,36.0,1,1,3,4,1,3,0,5,0,2,0,2,2,24939.0
0,31.0,1,1,18.0,3,0,2,3,1,3,0,1,1,4,0,1,2,20855.0
0,29.0,1,1,10.0,1,0,3,4,0,5,1,2,0,4,0,0,1,17109.0
1,29.0,1,1,12.0,1,1,3,4,0,3,3,3,1,1,0,1,1,22119.0
1,31.0,1,3,19.0,3,1,3,4,1,5,1,6,1,1,1,0,2,17302.0
1,36.0,1,3,22.0,3,1,3,6,1,3,1,8,1,1,1,2,2,24118.0
0,35.0,1,1,24.0,2,1,2,1,1,5,1,2,0,3,0,1,2,20208.0
0,59.0,1,2,12.0,3,1,2,3,0,3,0,1,0,4,1,0,1,17267.0
1,30.0,1,1,32.0,1,0,4,5,0,4,1,7,0,3,1,3,1,21224.0
0,38.0,0,1,8.0,3,0,2,4,0,4,2,2,0,1,1,0,1,17440.0
0,39.0,0,3,9.0,2,1,3,5,1,3,1,5,0,5,1,2,2,23927.0
0,36.0,1,1,18.0,3,0,2,4,3,3,3,1,0,1,1,0,3,23858.0
1,48.0,1,1,6.0,2,1,3,4,3,3,2,1,1,5,0,2,3,20381.0
0,41.0,1,1,19.0,2,0,3,4,1,5,1,4,0,1,1,2,2,23126.0
0,27.0,0,1,11.0,2,0,2,3,0,3,2,1,1,1,1,1,1,17379.0
1,26.0,0,1,8.0,2,1,2,3,0,5,0,7,1,5,1,0,1,17042.0
1,29.0,1,1,7.0,2,0,4,6,0,4,2,2,1,2,1,1,1,20894.0
0,31.0,0,1,7.0,3,0,3,4,1,3,3,3,0,3,1,1,2,22689.0
0,43.0,1,1,13.0,3,1,3,4,3,5,1,2,0,3,1,1,3,32026.0
0,29.0,1,1,7.0,2,1,3,4,0,3,1,3,0,1,0,1,1,20722.0
1,32.0,1,3,27.0,2,0,4,6,1,3,1,5,1,3,0,3,2,23237.0
0,30.0,0,1,9.0,3,0,3,3,0,3,1,2,0,3,1,1,1,17083.0
1,52.0,0,1,15.0,2,1,3,6,3,3,2,4,0,2,0,2,3,29328.0
0,35.0,1,1,6.0,3,1,3,4,0,5,2,2,0,1,0,2,1,17450.0
0,40.0,1,3,16.0,3,1,3,4,3,4,1,3,0,4,1,1,3,24705.0
0,47.0,1,1,8.0,3,0,3,3,1,3,1,6,0,2,0,1,2,20070.0
0,30.0,1,1,15.0,3,1,2,4,0,3,2,2,0,4,1,1,1,17206.0
0,34.0,1,1,7.0,2,1,4,5,0,5,3,5,1,4,1,2,1,21477.0
0,50.0,1,1,35.0,2,1,2,4,4,3,1,1,0,5,1,1,0,32046.0
1,27.0,1,3,8.0,3,1,2,3,0,5,1,1,0,5,1,1,1,18041.0
0,34.0,1,1,20.0,2,0,3,4,0,3,3,5,0,3,1,1,1,22130.0
0,27.0,1,1,9.0,3,1,2,4,0,3,2,1,0,1,1,1,1,17045.0
0,23.0,1,1,7.0,2,1,3,5,1,3,1,8,0,1,1,2,2,23453.0
0,35.0,1,1,13.0,2,0,3,4,1,3,3,3,0,3,0,1,2,23487.0
0,29.0,1,3,16.0,3,1,2,3,0,4,1,2,0,2,0,1,1,17297.0
0,53.0,0,1,35.0,3,0,3,2,4,3,0,4,1,4,0,1,0,31925.0
0,32.0,1,1,7.0,2,1,4,5,0,5,1,3,0,4,1,2,1,20896.0
0,40.0,0,1,15.0,2,0,3,4,0,3,0,3,0,2,0,1,1,22433.0
0,46.0,1,3,27.0,2,0,3,4,1,3,3,2,0,1,1,1,2,23528.0
1,25.0,1,1,15.0,2,1,2,3,0,5,2,4,0,1,1,0,1,17096.0
0,30.0,1,3,17.0,3,0,3,5,1,4,1,3,1,5,0,2,2,26946.0
1,21.0,1,3,9.0,3,0,3,5,0,3,2,3,0,4,1,1,1,20722.0
0,31.0,1,2,8.0,2,1,3,4,1,5,1,4,0,3,0,2,2,21410.0
0,45.0,1,1,9.0,2,0,4,2,0,3,0,3,0,4,1,1,1,20689.0
0,36.0,1,1,14.0,2,1,3,4,3,3,2,5,0,3,0,1,3,28899.0
0,36.0,1,1,15.0,3,1,2,4,1,4,1,3,1,4,0,1,2,23847.0
1,34.0,1,1,32.0,3,1,3,5,0,4,2,6,1,4,1,1,1,20991.0
0,37.0,1,2,15.0,2,1,4,5,0,5,1,2,0,1,0,2,1,21020.0
1,32.0,0,3,33.0,3,1,4,4,1,3,1,3,1,3,0,2,2,24295.0
0,46.0,0,1,14.0,2,1,4,2,1,3,1,6,0,1,1,1,2,25112.0
0,47.0,1,1,31.0,3,1,2,3,3,3,3,3,0,3,1,0,3,23633.0
0,44.0,1,3,11.0,3,1,2,3,2,4,0,1,0,5,1,1,4,33213.0
0,55.0,1,1,6.0,2,0,3,4,1,3,3,2,0,1,0,1,2,22458.0
0,20.0,1,3,15.0,2,1,2,3,0,5,2,2,0,1,0,1,1,17728.0
0,30.0,0,3,9.0,2,1,4,4,1,3,0,3,0,2,1,2,2,23327.0
1,51.0,0,3,15.0,1,1,3,4,1,3,0,5,1,5,1,1,2,25474.0
1,30.0,1,1,14.0,1,0,3,4,0,3,1,5,1,4,1,2,1,22017.0
0,37.0,1,1,6.0,2,1,2,4,1,3,1,2,0,5,0,0,2,20993.0
0,23.0,1,1,22.0,3,0,3,4,0,3,3,3,0,1,1,2,1,21549.0
0,53.0,0,1,26.0,3,1,3,4,0,3,1,2,0,3,1,1,1,22936.0
0,32.0,1,2,9.0,2,1,4,5,1,5,1,5,0,3,0,3,2,25088.0
0,31.0,0,1,10.0,3,0,4,4,0,3,1,3,0,3,1,2,1,20761.0
0,42.0,1,1,12.0,3,1,3,2,0,3,0,4,1,1,1,2,1,20805.0
0,46.0,1,1,8.0,2,1,2,3,4,3,1,7,0,5,1,0,0,32861.0
0,30.0,1,1,28.0,2,0,3,2,3,5,1,3,0,5,1,2,3,28658.0
0,60.0,1,1,9.0,2,0,4,5,4,3,2,5,1,5,1,1,0,32404.0
0,36.0,1,1,11.0,2,1,4,4,0,3,1,3,0,4,0,1,1,20629.0
0,51.0,1,1,6.0,2,1,3,3,0,3,1,2,0,4,1,0,1,17723.0
0,31.0,1,1,13.0,2,1,2,3,1,3,1,4,0,3,0,1,2,20915.0
0,35.0,1,3,7.0,3,1,4,2,1,3,1,2,0,5,1,3,2,28403.0
1,47.0,1,3,16.0,3,1,4,5,3,3,3,3,0,5,0,2,3,28297.0
0,46.0,1,3,9.0,2,1,4,4,1,4,1,2,0,5,1,3,2,23483.0
0,31.0,0,3,26.0,2,1,3,1,0,3,0,1,0,5,1,1,1,17791.0
1,40.0,1,1,31.0,3,1,3,4,0,4,1,3,1,1,0,1,1,22582.0
0,37.0,1,1,12.0,3,1,2,1,1,5,1,5,1,3,1,1,2,20974.0
1,42.0,1,1,9.0,2,0,3,6,0,3,1,6,1,3,0,1,1,21456.0
0,37.0,0,1,25.0,2,1,4,4,1,3,3,4,0,3,1,1,2,26457.0
0,38.0,1,3,23.0,3,1,4,5,1,3,1,6,0,5,1,1,2,25012.0
0,44.0,0,1,34.0,2,0,3,4,3,5,0,2,0,4,0,1,3,29498.0
0,36.0,1,3,23.0,3,1,4,4,3,4,1,2,0,1,1,2,3,26698.0
0,36.0,0,3,9.0,3,1,2,4,3,3,1,5,0,1,0,0,3,24699.0
0,39.0,1,1,16.0,3,1,3,3,4,5,1,2,1,3,1,2,0,32068.0
0,40.0,0,1,17.0,1,0,3,3,1,3,1,2,0,3,1,1,2,21323.0
1,31.0,1,1,14.0,2,0,2,4,0,4,2,2,0,4,0,1,1,16261.0
0,30.0,1,3,35.0,1,1,2,3,3,4,1,4,0,4,0,1,3,24250.0
0,33.0,0,1,11.0,2,0,3,3,3,4,0,7,0,3,1,2,3,26878.0
0,34.0,1,1,32.0,2,1,3,5,1,4,3,3,0,1,0,2,2,22998.0
0,28.0,1,3,11.0,3,1,2,3,1,5,3,1,0,1,1,0,2,23463.0
1,22.0,1,3,19.0,2,0,3,3,0,4,3,3,0,5,0,2,1,21394.0
1,55.0,1,3,19.0,3,1,2,1,4,3,2,7,1,3,1,1,0,28695.0
1,27.0,1,1,23.0,3,1,3,4,0,4,1,4,1,2,1,2,1,21051.0
0,50.0,0,1,8.0,3,0,1,3,4,5,1,3,0,3,0,0,0,32856.0
0,59.0,0,2,8.0,2,0,2,4,2,3,1,1,0,1,0,1,4,33844.0
0,27.0,1,1,15.0,3,0,2,3,0,4,2,2,0,3,1,0,1,17279.0
0,36.0,0,3,6.0,3,0,2,3,1,3,3,5,0,2,1,1,2,21653.0
0,50.0,1,1,34.0,2,0,2,3,4,5,0,5,1,5,0,0,0,31880.0
0,36.0,0,1,9.0,3,1,1,3,0,4,2,5,0,4,1,0,1,17088.0
0,57.0,1,3,35.0,3,1,2,4,4,3,1,4,0,3,0,0,0,29118.0
0,50.0,1,1,27.0,3,0,4,4,1,5,1,3,0,1,1,1,2,25245.0
0,30.0,0,1,8.0,3,0,2,3,0,3,2,1,0,4,1,0,1,17564.0
0,30.0,1,1,6.0,2,1,2,4,1,3,1,2,1,1,1,1,2,20126.0
1,29.0,1,1,31.0,2,1,3,5,0,3,2,7,1,1,0,1,1,20706.0
0,23.0,1,1,6.0,2,1,2,3,0,3,0,2,0,4,0,1,1,16223.0
0,52.0,1,1,10.0,1,0,3,4,3,3,1,4,0,4,1,2,3,31794.0
0,36.0,0,1,9.0,2,0,4,4,1,5,1,4,0,4,1,3,2,23771.0
0,35.0,1,1,7.0,2,1,3,5,0,3,0,3,1,2,0,1,1,22300.0
0,22.0,1,1,12.0,3,1,3,3,0,3,1,1,0,1,1,1,1,17773.0
0,38.0,1,1,8.0,3,1,3,3,0,3,1,7,1,4,0,2,1,18057.0
1,41.0,0,3,31.0,2,0,4,2,4,4,2,6,1,3,1,1,0,31872.0
1,44.0,0,1,9.0,2,1,4,4,0,3,1,8,1,3,0,1,1,28909.0
0,36.0,0,1,25.0,2,1,3,4,3,3,3,4,0,3,0,1,3,28040.0
1,29.0,1,1,16.0,2,0,3,4,0,5,2,7,1,5,1,0,1,17404.0
0,41.0,1,3,33.0,3,1,4,4,1,5,0,3,0,2,1,2,2,27074.0
1,25.0,1,3,7.0,1,0,4,4,0,4,3,3,1,4,1,3,1,21880.0
0,37.0,1,3,9.0,2,0,3,4,1,3,3,5,0,4,1,2,2,23180.0
0,24.0,1,3,9.0,1,1,4,4,0,5,1,5,0,3,1,3,1,21000.0
0,37.0,1,1,21.0,2,1,4,4,1,3,1,2,1,5,1,1,2,25264.0
1,40.0,1,3,12.0,1,1,3,4,1,3,1,5,0,1,0,1,2,20764.0
0,40.0,1,1,19.0,3,1,4,4,1,4,1,6,0,3,1,2,2,23973.0
0,46.0,0,3,11.0,3,1,3,3,1,3,2,5,1,5,1,1,2,20772.0
1,52.0,1,3,31.0,3,0,3,5,1,4,3,2,1,5,1,2,2,21516.0
0,46.0,1,3,8.0,3,0,3,3,4,5,1,1,0,1,1,1,0,32048.0
0,49.0,1,1,11.0,2,1,4,5,3,3,2,2,0,5,1,2,3,29677.0
0,34.0,1,3,17.0,3,1,3,2,3,3,1,2,1,4,1,2,3,27058.0
0,34.0,1,1,9.0,3,1,4,4,0,3,2,6,0,3,0,3,1,21174.0
0,47.0,1,3,8.0,2,0,2,1,4,4,1,7,0,1,0,0,0,30972.0
0,30.0,1,1,28.0,2,0,3,3,3,5,1,3,0,5,1,2,3,28658.0
0,30.0,1,3,18.0,1,0,2,3,1,3,3,1,0,1,1,1,2,21577.0
0,33.0,0,3,16.0,3,1,3,6,1,3,1,2,0,2,0,2,2,23346.0
0,40.0,1,3,10.0,3,1,3,4,3,3,1,1,0,1,1,1,3,25855.0
0,19.0,0,1,21.0,3,0,3,4,0,3,2,3,0,5,1,1,1,20192.0
0,26.0,1,3,20.0,3,1,3,4,0,3,1,3,0,3,1,2,1,20774.0
0,41.0,1,1,22.0,2,0,4,5,3,3,1,3,0,1,1,2,3,29113.0
0,31.0,0,1,9.0,1,0,4,5,0,5,3,2,0,3,0,2,1,23646.0
0,30.0,1,1,14.0,2,1,3,4,1,3,1,3,1,3,0,1,2,25301.0
0,55.0,0,1,8.0,2,0,3,4,3,3,1,2,0,5,0,2,3,29180.0
0,35.0,1,1,7.0,2,0,4,2,0,3,3,4,0,2,0,1,1,21958.0
1,30.0,0,1,31.0,2,1,4,5,0,3,2,3,1,3,1,3,1,21117.0
0,38.0,1,3,9.0,2,1,2,3,1,3,3,1,1,3,1,1,2,21861.0
0,38.0,1,1,8.0,2,0,3,5,1,3,1,3,0,1,0,1,2,25152.0
0,32.0,0,1,7.0,3,1,3,6,1,3,1,2,0,3,0,1,2,23023.0
0,32.0,0,1,7.0,2,1,3,6,1,5,1,3,0,1,1,2,2,23681.0
0,42.0,0,1,32.0,3,0,2,3,3,5,1,4,1,3,0,0,3,28191.0
0,45.0,0,1,13.0,2,1,3,2,1,3,0,5,0,2,0,2,2,21434.0
1,34.0,1,3,12.0,3,0,3,4,0,3,3,3,1,2,1,1,1,21529.0
0,38.0,1,1,7.0,2,0,4,4,1,4,0,8,0,2,1,2,2,25125.0
0,43.0,1,1,36.0,2,1,4,4,1,4,0,3,0,3,1,2,2,23112.0
0,41.0,0,3,12.0,2,1,3,5,3,5,0,7,1,5,0,2,3,29153.0
0,21.0,1,1,9.0,3,1,3,4,0,3,2,2,0,5,1,2,1,18230.0
1,29.0,0,1,31.0,1,1,4,5,3,5,3,3,0,2,0,1,3,27400.0
0,31.0,1,1,6.0,2,1,3,4,0,5,0,2,0,4,0,0,1,17218.0
0,39.0,1,1,24.0,2,0,4,5,3,3,1,2,0,1,1,3,3,27501.0
0,60.0,1,3,7.0,1,1,4,4,3,3,0,5,1,2,0,2,3,30582.0
0,39.0,0,1,10.0,2,1,3,4,0,3,0,5,0,3,1,2,1,21499.0
0,30.0,0,1,27.0,3,1,3,4,0,3,1,3,0,3,1,2,1,22490.0
1,25.0,1,2,29.0,2,1,3,6,0,3,1,3,0,1,0,2,1,20233.0
0,40.0,1,3,6.0,3,1,2,5,1,3,0,3,1,3,1,0,2,22457.0
0,28.0,1,1,9.0,3,0,3,3,3,4,1,1,0,4,0,0,3,22655.0
1,50.0,0,3,18.0,2,1,2,3,1,3,2,4,1,3,1,1,2,31880.0
0,36.0,1,1,7.0,2,0,4,6,0,3,1,3,0,3,0,2,1,21655.0
0,44.0,1,1,13.0,3,0,2,4,3,3,0,4,0,4,1,0,3,25248.0
1,45.0,0,3,8.0,1,1,4,4,0,3,1,5,0,3,1,2,1,26656.0
0,45.0,1,3,17.0,2,0,2,3,4,3,0,4,0,4,1,1,0,32650.0
0,37.0,0,3,15.0,2,1,4,5,3,5,3,3,0,2,0,3,3,26265.0
0,55.0,0,1,8.0,3,1,2,4,4,5,2,1,0,3,1,1,0,31756.0
0,46.0,1,3,9.0,1,1,3,6,1,3,3,2,0,5,1,2,2,25310.0
0,21.0,1,1,7.0,2,0,3,5,0,4,3,3,0,4,0,2,1,21514.0
0,27.0,1,3,17.0,3,0,3,1,0,3,0,1,0,3,1,1,1,17534.0
0,38.0,1,1,17.0,3,0,4,4,0,5,0,8,0,2,1,2,1,22130.0
0,45.0,0,3,15.0,2,0,3,4,1,3,1,2,0,3,1,2,2,20593.0
0,35.0,1,3,8.0,3,0,3,3,0,3,0,2,0,2,1,0,1,17014.0
0,33.0,1,3,20.0,2,1,4,4,1,3,1,4,0,1,0,3,2,23081.0
0,43.0,0,3,32.0,2,1,3,3,4,3,0,2,1,2,0,0,0,31959.0
0,38.0,1,3,9.0,2,1,3,3,3,3,1,1,0,2,1,1,3,25609.0
0,30.0,1,1,22.0,2,1,2,3,0,3,1,2,0,1,0,0,1,17862.0
1,45.0,1,1,22.0,3,0,4,4,3,3,0,3,0,3,0,2,3,26656.0
0,38.0,1,3,16.0,3,1,3,5,1,4,1,3,0,4,0,2,2,22867.0
0,21.0,1,3,9.0,3,0,3,4,0,3,3,3,0,4,0,1,1,21461.0
0,61.0,1,3,23.0,3,1,3,4,1,5,3,2,0,4,1,1,2,24083.0
0,38.0,1,1,21.0,2,1,3,4,3,3,1,1,1,5,1,2,3,26510.0
1,48.0,1,1,6.0,2,1,3,4,3,3,2,1,1,5,0,0,3,20381.0
0,34.0,0,1,8.0,2,1,2,4,1,3,0,2,0,4,0,0,2,24547.0
0,34.0,1,3,27.0,2,1,3,1,1,3,2,2,0,3,0,0,2,20337.0
0,36.0,1,3,7.0,3,1,3,5,1,5,3,2,0,2,0,2,2,22990.0
0,33.0,1,1,15.0,3,1,2,3,0,3,1,1,0,1,0,1,1,17781.0
0,35.0,0,3,9.0,3,0,4,4,0,3,1,8,0,5,0,1,1,20909.0
0,42.0,0,1,29.0,2,0,4,4,1,3,1,5,1,5,0,1,2,24145.0
1,39.0,1,1,8.0,2,0,3,3,0,5,1,2,1,1,1,0,1,32123.0
0,26.0,1,1,9.0,2,0,2,3,0,3,1,2,0,3,1,1,1,17061.0
0,36.0,1,1,32.0,2,1,3,5,1,3,3,6,0,2,0,2,2,22359.0
0,28.0,1,1,35.0,2,1,3,5,1,4,0,2,0,1,1,2,2,21549.0
0,36.0,1,3,7.0,3,0,4,4,1,3,3,3,0,4,0,3,2,23537.0
0,33.0,0,1,12.0,2,1,1,3,1,3,1,4,0,5,1,0,2,22725.0
1,38.0,1,3,7.0,2,1,3,5,3,3,0,7,0,2,1,2,3,29287.0
1,26.0,1,1,27.0,3,1,2,3,0,3,1,2,0,5,1,0,1,17377.0
1,33.0,1,1,16.0,3,0,3,4,0,5,3,2,0,4,1,1,1,22878.0
0,58.0,1,1,7.0,3,1,3,4,1,3,1,4,0,3,0,2,2,25433.0
0,52.0,1,1,5.0,2,1,2,3,3,4,3,1,0,3,1,1,3,25445.0
0,54.0,1,3,9.0,2,0,4,5,4,3,0,4,0,3,1,1,0,34105.0
0,46.0,1,3,8.0,3,0,2,3,2,5,2,4,0,1,1,1,4,33947.0
0,28.0,1,1,11.0,2,0,4,4,0,3,2,3,0,1,0,1,1,20996.0
1,46.0,0,3,33.0,2,0,4,4,1,5,0,4,0,2,0,1,2,22964.0
0,41.0,0,1,33.0,3,0,3,4,1,4,1,3,0,2,1,1,2,24283.0
0,33.0,0,1,13.0,2,1,2,3,1,3,1,2,0,5,1,1,2,20968.0
0,37.0,1,1,15.0,1,0,3,4,3,3,1,3,0,4,1,1,3,28774.0
0,37.0,1,1,14.0,2,1,4,4,0,3,3,4,0,3,1,3,1,23356.0
0,45.0,1,3,15.0,3,1,3,3,3,5,1,5,1,2,1,0,3,25761.0
0,34.0,0,3,17.0,3,1,3,5,1,3,3,5,0,3,1,2,2,23360.0
0,28.0,0,3,27.0,2,0,3,4,1,3,2,3,0,2,1,2,2,28659.0
0,42.0,1,3,10.0,3,1,2,3,1,5,2,1,0,5,1,1,2,20155.0
1,39.0,0,1,8.0,2,1,2,3,4,3,1,1,0,3,1,0,0,27169.0
1,26.0,1,1,30.0,1,1,3,5,0,3,2,2,1,3,0,1,1,17340.0
0,45.0,1,1,31.0,2,0,3,4,1,3,1,1,0,4,0,0,2,20906.0
0,37.0,0,1,10.0,1,1,3,4,0,4,0,3,0,3,1,2,1,22370.0
0,45.0,1,1,7.0,3,1,3,4,0,3,2,8,1,4,0,2,1,21114.0
0,24.0,0,1,15.0,2,1,2,4,0,4,1,2,0,5,0,1,1,17694.0
1,33.0,1,3,11.0,3,1,3,6,3,3,0,3,0,2,1,2,3,29078.0
1,22.0,1,1,13.0,2,1,3,3,0,4,2,2,1,3,1,0,1,17472.0
0,37.0,0,1,13.0,2,1,4,2,1,5,1,5,1,4,1,2,2,24240.0
0,42.0,0,1,8.0,3,1,2,3,0,3,2,6,1,1,1,1,1,17515.0
0,36.0,1,3,10.0,2,1,4,4,3,3,1,8,0,5,0,3,3,26501.0
0,39.0,1,1,7.0,2,0,3,3,1,3,3,2,0,2,1,2,2,26303.0
0,35.0,1,1,16.0,3,0,3,5,3,4,3,3,0,2,1,2,3,27299.0
0,28.0,1,1,11.0,2,1,3,2,1,4,1,3,1,4,1,1,2,24820.0
0,31.0,1,3,12.0,3,1,3,1,1,3,1,5,0,5,1,1,2,20460.0
0,42.0,1,1,24.0,2,1,2,3,1,5,1,7,1,1,0,0,2,20410.0
0,24.0,1,1,17.0,1,1,3,2,0,3,1,4,0,1,1,1,1,20751.0
0,39.0,1,1,6.0,2,0,3,4,4,3,1,2,0,3,1,0,0,27742.0
0,30.0,0,1,6.0,2,1,2,4,3,3,3,2,0,5,1,1,3,23474.0
1,52.0,0,1,15.0,2,1,3,6,3,3,2,4,0,1,1,1,3,29328.0
0,39.0,1,2,9.0,2,0,2,2,1,4,0,1,0,2,1,0,2,21389.0
1,31.0,1,1,28.0,3,1,3,3,1,3,0,2,1,5,1,0,2,21179.0
0,27.0,0,1,18.0,3,1,3,4,1,5,1,3,1,3,1,1,2,23419.0
0,48.0,0,1,7.0,3,0,4,4,3,4,1,2,0,5,0,1,3,30635.0
0,42.0,1,1,16.0,2,1,4,4,0,5,1,3,0,5,1,2,1,20967.0
0,33.0,1,1,12.0,2,0,4,5,1,4,1,5,0,3,1,1,2,24556.0
0,45.0,0,1,24.0,2,1,4,6,0,3,2,4,0,4,1,1,1,20968.0
0,58.0,1,1,15.0,3,0,3,4,0,4,1,5,1,1,1,1,1,18346.0
0,28.0,1,1,14.0,2,0,3,3,0,3,2,2,0,4,0,1,1,18310.0
1,19.0,1,1,8.0,2,1,2,4,0,3,2,2,0,5,0,0,1,16102.0
0,35.0,1,1,15.0,3,0,4,4,1,3,3,5,0,4,1,2,2,24820.0
0,48.0,1,1,9.0,3,0,4,4,1,3,1,7,0,2,0,2,2,23748.0
1,33.0,1,1,32.0,2,1,3,4,0,3,3,3,1,5,0,1,1,21473.0
0,48.0,0,1,6.0,3,1,2,1,4,3,2,3,0,1,0,0,0,31885.0
1,40.0,1,3,28.0,3,1,3,4,1,3,0,3,1,3,1,1,2,21380.0
0,57.0,1,1,14.0,2,1,3,6,3,3,3,6,0,1,0,1,3,25938.0
1,36.0,1,3,11.0,1,1,3,4,3,5,3,2,1,4,1,2,3,28260.0
0,27.0,1,1,11.0,2,0,2,3,0,4,2,2,1,3,0,1,1,17478.0
1,37.0,0,1,16.0,3,1,3,3,3,3,1,7,0,3,0,2,3,25048.0
0,47.0,1,1,8.0,3,0,3,3,1,3,1,6,0,1,0,0,2,20070.0
0,42.0,0,1,8.0,3,1,2,3,0,3,2,6,1,2,0,1,1,17515.0
1,32.0,1,3,13.0,2,1,4,6,1,3,0,6,1,3,1,2,2,24850.0
0,39.0,1,1,30.0,2,1,3,4,1,3,1,2,0,3,0,1,2,24423.0
0,36.0,1,3,22.0,3,0,3,4,1,5,0,5,0,5,1,0,2,20647.0
1,19.0,1,3,28.0,3,1,2,3,0,3,2,2,1,1,1,0,1,16675.0
0,34.0,1,1,12.0,2,1,3,5,3,3,1,6,0,3,1,2,3,25797.0
0,45.0,1,1,35.0,1,1,2,3,3,3,0,5,1,5,1,0,3,24380.0
0,36.0,1,3,6.0,2,1,2,3,1,3,0,2,1,3,1,1,2,21201.0
0,34.0,0,3,14.0,2,0,2,4,1,4,1,2,0,4,0,1,2,22980.0
0,47.0,1,1,9.0,2,1,3,4,3,3,1,5,0,1,1,2,3,27256.0
1,27.0,1,3,15.0,1,1,3,5,1,5,3,8,0,3,0,1,2,24004.0
0,51.0,1,1,13.0,3,1,2,4,1,3,0,3,0,3,1,1,2,21132.0
0,26.0,1,3,11.0,3,1,3,5,1,5,0,3,0,3,1,2,2,22934.0
1,20.0,1,3,29.0,3,1,3,4,0,3,2,3,1,2,0,2,1,20353.0
0,40.0,0,1,6.0,2,1,3,4,4,4,1,2,0,1,1,1,0,28503.0
0,41.0,0,1,16.0,2,1,4,5,1,3,0,2,0,5,1,1,2,23554.0
0,25.0,1,3,32.0,3,0,2,3,1,3,2,2,0,4,0,0,2,21180.0
0,40.0,0,1,32.0,2,1,4,4,3,3,0,5,0,1,0,1,3,29598.0
1,49.0,1,3,9.0,3,1,3,5,1,4,3,2,1,1,1,1,2,26576.0
0,34.0,0,1,9.0,2,1,2,3,1,3,3,1,0,2,1,0,2,22756.0
0,36.0,0,1,9.0,3,0,3,4,1,4,3,7,0,2,1,1,2,23103.0
0,32.0,0,1,7.0,2,0,4,4,1,5,0,3,0,5,1,3,2,22826.0
0,38.0,0,3,8.0,2,1,2,4,1,3,1,4,0,5,1,1,2,20249.0
0,38.0,1,3,8.0,3,0,3,5,1,3,1,3,1,3,0,0,2,20405.0
0,38.0,1,1,20.0,3,1,3,4,1,3,1,3,0,1,0,1,2,22963.0
0,39.0,0,1,7.0,2,1,3,4,1,3,1,2,0,5,1,1,2,23413.0
0,37.0,1,1,12.0,2,1,4,4,1,4,3,2,0,1,1,2,2,24592.0
1,21.0,1,1,11.0,1,1,3,4,0,5,3,3,0,3,1,1,1,21651.0
1,41.0,1,3,26.0,3,0,3,3,0,4,2,2,1,4,0,1,1,18140.0
0,35.0,1,1,31.0,3,0,2,3,3,3,1,2,1,3,0,1,3,25388.0
0,37.0,1,1,25.0,2,1,3,3,0,4,1,5,0,4,0,1,1,18022.0
0,49.0,1,1,6.0,1,0,2,4,4,3,2,1,1,3,1,0,0,28964.0
0,26.0,1,3,35.0,2,1,3,5,1,3,0,4,0,4,0,1,2,27317.0
0,31.0,1,1,31.0,2,1,4,4,0,3,1,3,0,3,1,3,1,21371.0
0,43.0,1,1,18.0,2,1,2,4,4,4,1,2,0,3,0,1,0,29336.0
0,33.0,1,3,20.0,2,1,4,4,1,3,1,4,0,2,0,1,2,23081.0
0,42.0,1,1,10.0,1,1,2,3,2,3,0,2,0,2,0,1,4,34232.0
0,23.0,1,3,8.0,1,1,3,3,0,5,1,4,0,3,1,1,1,17322.0
0,34.0,0,1,12.0,2,0,4,4,3,4,1,8,0,3,1,2,3,30556.0
1,26.0,1,1,22.0,3,1,2,3,0,4,1,3,1,2,1,1,1,17373.0
0,49.0,1,1,10.0,3,1,2,4,2,3,1,3,0,3,0,1,4,33711.0
0,27.0,0,3,7.0,3,1,3,5,1,5,3,3,0,3,0,1,2,22972.0
1,33.0,1,1,7.0,2,1,4,5,0,3,3,2,1,5,0,3,1,22408.0
0,50.0,1,1,7.0,1,0,3,4,0,5,0,4,0,4,1,1,1,22258.0
0,30.0,1,1,22.0,2,0,4,6,0,3,1,2,1,5,1,2,1,20846.0
0,34.0,0,3,9.0,3,0,4,4,1,4,3,2,0,1,0,1,2,23825.0
1,26.0,0,2,23.0,2,0,2,3,0,3,1,1,1,5,0,1,1,17741.0
0,31.0,0,1,13.0,2,0,2,4,3,3,0,2,0,2,1,1,3,23943.0
1,26.0,1,1,11.0,1,1,3,4,0,3,1,3,1,3,1,2,1,22369.0
1,31.0,1,2,28.0,2,1,2,5,0,3,1,2,0,1,0,1,1,24852.0
0,36.0,1,1,34.0,3,0,3,5,0,5,2,3,0,4,1,2,1,21237.0
0,28.0,0,2,6.0,2,1,2,3,0,3,1,2,0,4,0,1,1,17706.0
0,55.0,1,1,6.0,3,1,2,3,2,5,2,1,1,2,1,0,4,34045.0
0,36.0,1,1,11.0,2,1,4,4,0,3,1,3,0,4,1,2,1,20629.0
0,32.0,1,3,14.0,3,1,4,4,1,3,1,6,0,1,0,1,2,26225.0
0,32.0,0,1,13.0,2,1,3,1,0,4,1,2,0,1,0,1,1,17794.0
1,19.0,1,3,27.0,2,1,2,4,0,4,2,2,1,2,0,1,1,17121.0
0,31.0,1,3,19.0,1,0,3,4,1,3,3,2,0,1,1,2,2,25255.0
0,50.0,0,1,6.0,2,0,3,3,2,4,0,4,1,2,0,2,4,33172.0
0,42.0,1,1,12.0,3,1,2,3,3,5,1,1,0,3,1,0,3,28348.0
0,28.0,0,1,16.0,3,1,3,4,0,4,1,8,0,3,1,2,1,20702.0
0,28.0,1,3,9.0,3,0,3,3,0,4,1,2,0,1,1,0,1,17856.0
0,47.0,1,1,15.0,2,0,4,5,1,5,1,2,1,2,1,3,2,23293.0
0,34.0,1,2,9.0,2,1,4,4,0,3,1,3,0,1,1,3,1,22278.0
1,38.0,1,1,9.0,2,1,4,5,0,3,2,8,1,3,0,3,1,20768.0
0,43.0,1,2,9.0,1,1,3,4,0,3,1,2,1,4,1,1,1,21374.0
0,47.0,1,1,25.0,3,0,3,4,1,3,1,4,0,5,1,2,2,23488.0
0,41.0,1,3,12.0,2,0,3,3,3,3,2,4,1,2,0,1,3,28591.0
0,19.0,1,1,15.0,2,1,2,3,0,5,2,2,0,3,0,1,1,17552.0
0,32.0,1,2,15.0,3,0,4,2,0,4,2,2,0,1,0,3,1,20787.0
0,34.0,1,2,10.0,2,1,3,4,0,4,1,5,1,5,0,2,1,20955.0
0,42.0,1,3,18.0,3,1,3,3,1,3,1,4,1,1,0,0,2,20087.0
0,41.0,0,3,35.0,2,1,3,6,3,5,1,5,0,5,1,1,3,29610.0
0,41.0,0,1,33.0,3,0,3,4,1,4,1,3,0,1,0,2,2,24283.0
0,42.0,1,3,20.0,3,0,3,4,1,3,2,1,0,3,1,0,2,21244.0
0,32.0,1,3,14.0,3,1,4,4,1,3,1,6,0,2,0,1,2,26225.0
0,54.0,0,1,17.0,3,0,2,3,4,3,1,4,0,3,1,0,0,31032.0
0,39.0,1,3,8.0,2,1,2,1,3,3,3,1,0,1,0,0,3,22880.0
0,45.0,0,1,12.0,2,1,3,5,0,3,3,5,0,1,0,2,1,21840.0
0,54.0,1,3,9.0,3,0,2,3,1,5,1,3,0,4,1,0,2,20940.0
0,35.0,1,3,16.0,2,0,4,4,1,3,0,3,0,2,1,3,2,24392.0
1,25.0,1,1,7.0,3,1,4,4,0,3,1,4,1,3,0,3,1,20971.0
0,39.0,0,1,28.0,3,0,2,3,3,5,3,2,1,5,1,0,3,25880.0
0,38.0,1,3,23.0,3,1,4,5,1,3,1,6,0,5,1,3,2,25012.0
0,31.0,0,1,16.0,3,0,4,4,1,3,3,2,1,3,1,3,2,23373.0
0,49.0,1,1,11.0,2,1,4,5,3,3,2,2,0,5,1,1,3,29677.0
0,30.0,0,1,29.0,2,1,3,5,0,3,1,2,0,3,1,2,1,17613.0
1,32.0,1,3,20.0,3,1,3,4,1,5,1,4,0,1,0,2,2,22911.0
0,28.0,1,1,21.0,2,1,2,3,0,3,1,2,0,4,0,0,1,17207.0
0,50.0,1,1,16.0,1,1,3,4,3,3,3,7,0,5,1,1,3,25496.0
0,41.0,1,1,31.0,1,1,4,4,1,3,1,3,0,3,1,2,2,21997.0
0,54.0,0,2,32.0,2,0,1,1,4,3,2,3,1,3,1,0,0,32328.0
0,26.0,1,1,14.0,3,1,4,5,0,3,1,3,0,1,0,3,1,21567.0
0,47.0,0,3,12.0,3,1,4,4,1,3,3,6,1,5,1,2,2,24450.0
0,33.0,0,1,31.0,2,1,4,4,1,3,1,3,0,4,1,3,2,23987.0
0,27.0,1,1,12.0,2,1,2,4,0,3,0,2,0,2,1,1,1,17539.0
0,32.0,1,1,14.0,3,0,3,4,3,3,3,3,1,4,1,2,3,25821.0
0,27.0,0,1,15.0,3,1,2,3,0,4,1,7,0,3,1,1,1,17024.0
0,25.0,1,3,34.0,2,1,2,4,1,3,0,3,0,4,0,0,2,23639.0
0,33.0,0,1,6.0,2,0,2,1,1,4,1,2,1,3,1,0,2,20488.0
0,44.0,1,1,14.0,2,0,3,4,3,5,1,2,0,5,1,1,3,28663.0
0,46.0,1,2,31.0,3,1,3,4,0,4,2,3,0,4,0,2,1,20855.0
1,29.0,1,1,9.0,2,1,4,4,0,3,3,4,0,4,0,2,1,22163.0
0,51.0,1,1,7.0,3,1,3,5,0,3,1,4,0,3,1,1,1,22368.0
0,30.0,1,1,13.0,3,0,3,4,0,3,1,3,0,3,0,2,1,21809.0
0,28.0,0,1,6.0,2,0,2,5,1,3,0,1,0,3,1,0,2,21674.0
1,27.0,0,1,10.0,1,1,4,4,0,5,3,2,0,3,0,2,1,21780.0
1,56.0,1,3,9.0,3,1,3,4,1,3,3,6,0,2,0,2,2,23838.0
0,51.0,1,1,15.0,2,1,3,3,0,3,0,4,0,3,1,0,1,17075.0
0,32.0,0,1,6.0,2,0,3,4,0,4,0,7,0,3,1,0,1,17332.0
0,31.0,0,1,30.0,1,0,1,3,1,3,2,3,0,1,1,0,2,20238.0
0,39.0,1,3,30.0,3,0,2,4,4,3,1,1,0,1,1,1,0,27031.0
0,50.0,1,1,8.0,3,1,3,3,2,3,1,3,1,1,1,2,4,34237.0
0,34.0,1,3,20.0,1,0,2,3,0,3,1,2,1,5,1,0,1,17579.0
0,46.0,0,1,14.0,2,1,4,4,3,5,1,3,0,2,1,3,3,23888.0
0,46.0,1,3,9.0,1,0,2,1,4,5,1,3,0,3,1,0,0,28225.0
0,39.0,1,3,7.0,2,1,3,4,1,4,1,2,0,4,1,2,2,23118.0
0,34.0,1,3,8.0,2,1,2,3,1,3,2,2,0,5,0,0,2,21274.0
0,32.0,1,1,6.0,2,1,3,3,0,5,2,2,0,2,0,2,1,17956.0
0,33.0,1,2,9.0,2,1,2,3,0,4,1,4,1,5,0,1,1,17277.0
0,32.0,1,1,11.0,2,0,2,1,0,3,1,4,0,5,1,1,1,18312.0
0,31.0,1,3,11.0,3,0,4,5,1,4,1,3,1,3,1,2,2,23887.0
0,28.0,1,1,7.0,3,1,3,4,0,4,1,3,0,3,0,1,1,22494.0
0,32.0,0,1,10.0,3,1,4,4,3,3,1,2,0,4,1,1,3,32353.0
1,35.0,1,1,13.0,3,1,3,4,0,5,3,4,0,4,0,1,1,21638.0
1,32.0,0,1,9.0,2,0,2,3,0,3,2,2,0,4,1,0,1,21209.0
0,43.0,1,1,13.0,2,0,2,3,3,5,0,1,0,5,1,0,3,24985.0
0,30.0,0,1,9.0,2,1,3,4,1,3,1,3,0,3,0,1,2,27531.0
0,38.0,1,1,16.0,3,0,3,3,1,3,0,4,0,3,1,2,2,24824.0
0,22.0,1,1,17.0,3,0,2,3,0,4,0,2,0,2,1,0,1,17244.0
0,51.0,1,1,14.0,2,1,2,4,3,4,0,6,0,3,1,1,3,27490.0
0,35.0,0,3,11.0,3,0,4,4,1,3,1,2,0,1,0,1,2,25216.0
0,45.0,1,1,26.0,3,1,3,3,4,3,0,1,1,3,0,0,0,28496.0
0,53.0,1,1,13.0,1,1,4,4,1,5,1,5,1,4,1,2,2,24255.0
0,46.0,1,1,21.0,2,1,2,3,2,4,0,6,0,3,1,1,4,34081.0
0,41.0,0,1,16.0,3,0,3,4,3,3,2,2,0,4,1,2,3,32177.0
0,42.0,1,3,20.0,3,0,3,4,1,3,2,1,0,3,0,0,2,21244.0
0,28.0,1,1,23.0,1,0,3,4,0,4,0,2,0,2,1,1,1,21489.0
1,53.0,1,1,8.0,1,0,3,4,3,3,1,1,0,5,1,2,3,25169.0
1,41.0,0,3,31.0,2,0,4,2,4,4,2,6,1,3,1,3,0,31872.0
0,37.0,0,3,15.0,3,1,3,3,3,4,1,2,0,2,1,0,3,23834.0
0,56.0,1,1,15.0,3,1,2,3,4,3,0,1,0,4,0,0,0,26103.0
0,31.0,1,1,9.0,2,1,3,5,1,3,0,3,0,4,1,1,2,22830.0
0,37.0,0,3,25.0,3,1,2,3,3,4,3,2,1,5,0,0,3,22642.0
0,32.0,1,1,30.0,3,1,4,5,1,3,1,2,0,3,0,2,2,24260.0
1,28.0,1,1,14.0,2,0,2,4,0,4,2,2,0,4,0,1,1,17154.0
0,32.0,1,1,35.0,2,0,2,4,0,4,2,2,0,3,1,0,1,17837.0
0,45.0,1,1,14.0,3,0,3,5,3,3,1,5,0,4,0,1,3,28926.0
0,43.0,1,1,9.0,2,0,3,4,1,3,0,3,0,2,1,1,2,22767.0
0,29.0,0,3,11.0,3,1,3,4,1,3,0,3,0,2,1,1,2,22899.0
0,29.0,1,1,15.0,2,0,4,4,0,3,3,3,0,4,1,2,1,21988.0
0,34.0,1,1,13.0,3,1,2,3,0,3,2,2,0,1,0,1,1,17972.0
0,30.0,1,2,6.0,2,1,2,3,0,3,1,1,0,1,0,1,1,17064.0
0,37.0,1,1,7.0,1,0,4,6,3,5,1,4,1,2,1,3,3,28930.0
0,37.0,1,1,9.0,2,0,4,4,1,4,1,6,1,4,0,1,2,25640.0
0,31.0,1,3,14.0,3,0,4,4,1,5,1,2,0,3,1,1,2,23457.0
0,22.0,1,1,25.0,3,1,3,3,0,3,0,2,0,2,0,1,1,17323.0
0,42.0,1,3,10.0,2,1,3,5,1,4,1,4,0,3,0,2,2,27616.0
0,36.0,1,1,12.0,2,1,2,5,0,3,1,2,0,2,0,0,1,17741.0
0,30.0,1,1,30.0,2,1,3,4,0,3,2,2,0,3,0,1,1,20879.0
0,33.0,0,1,22.0,3,0,3,4,1,3,1,7,0,3,0,2,2,25345.0
0,24.0,0,1,10.0,2,1,2,4,0,3,0,1,0,3,0,0,1,18162.0
0,24.0,0,3,19.0,2,0,3,3,0,4,0,2,0,1,0,0,1,17033.0
1,37.0,1,3,16.0,2,1,3,5,0,5,3,2,0,1,0,1,1,22085.0
1,46.0,0,3,33.0,2,0,4,4,1,5,1,4,0,1,0,3,2,22964.0
0,39.0,1,3,12.0,3,1,2,1,3,3,1,3,0,4,1,1,3,23237.0
1,30.0,1,3,30.0,2,0,3,5,3,5,0,3,0,3,0,1,3,26014.0
0,46.0,1,1,13.0,3,1,3,3,3,3,1,7,0,2,0,2,3,25845.0
1,43.0,0,1,8.0,2,0,4,2,3,4,2,3,0,3,1,1,3,21050.0
0,60.0,1,3,13.0,3,1,2,1,1,3,1,1,1,5,0,0,2,20220.0
0,36.0,1,1,25.0,2,1,3,2,1,5,1,3,0,3,0,2,2,23886.0
1,26.0,1,1,27.0,3,1,2,3,0,3,1,2,0,5,1,1,1,17377.0
1,35.0,1,3,21.0,3,1,2,5,1,3,1,7,1,1,1,1,2,20440.0
1,48.0,1,1,21.0,3,0,3,3,3,3,1,2,0,3,0,0,3,33265.0
0,41.0,1,1,27.0,1,1,4,4,3,3,1,6,0,3,1,2,3,29000.0
0,36.0,1,1,28.0,2,0,3,4,1,3,1,3,1,3,0,1,2,22692.0
1,51.0,1,3,16.0,2,0,3,3,3,4,1,6,0,1,1,2,3,28142.0
0,51.0,1,1,16.0,2,1,4,4,0,3,1,6,0,5,1,3,1,21058.0
0,37.0,1,1,9.0,3,1,4,4,0,3,2,6,0,5,1,1,1,21197.0
0,55.0,1,1,26.0,3,0,4,4,1,5,1,2,1,3,0,1,2,24163.0
0,29.0,1,1,27.0,2,0,2,1,3,5,1,2,0,5,1,1,3,24980.0
0,39.0,0,1,6.0,2,1,2,3,2,3,1,2,1,3,0,1,4,34197.0
0,35.0,0,1,6.0,3,1,3,3,0,5,1,5,0,1,0,1,1,17194.0
0,49.0,0,1,11.0,3,1,3,5,4,3,1,4,0,5,1,2,0,33880.0
0,40.0,1,3,10.0,3,1,3,4,3,3,0,1,0,2,1,0,3,25855.0
1,51.0,1,3,35.0,3,1,3,5,3,5,1,6,1,5,0,1,3,29532.0
1,33.0,0,1,9.0,2,1,3,3,0,5,2,2,1,5,1,2,1,18348.0
1,26.0,1,3,26.0,3,1,3,5,0,4,0,3,1,2,0,1,1,21091.0
0,28.0,1,1,9.0,1,1,3,4,0,4,1,3,0,4,1,2,1,20904.0
0,35.0,1,1,15.0,3,1,3,2,1,3,1,4,0,3,0,2,2,23082.0
0,35.0,1,3,24.0,3,1,3,3,1,5,1,1,0,3,0,0,2,17144.0
1,29.0,0,1,30.0,2,1,3,4,0,3,2,2,1,3,1,2,1,17439.0
0,48.0,1,1,32.0,3,1,3,4,3,3,3,4,0,3,1,1,3,27311.0
0,28.0,1,3,11.0,3,1,3,3,1,3,2,2,0,3,1,0,2,19908.0
0,23.0,1,1,9.0,1,1,4,4,0,3,1,2,0,5,1,1,1,21201.0
0,39.0,1,1,9.0,3,1,4,4,0,3,1,8,1,4,0,3,1,21735.0
0,47.0,0,1,20.0,1,1,3,3,1,4,1,1,0,3,0,2,2,20467.0
0,33.0,1,1,14.0,2,1,3,3,1,3,3,3,1,3,0,2,2,21388.0
0,35.0,1,3,28.0,2,1,4,2,1,3,3,3,0,3,0,1,2,24015.0
1,28.0,1,1,24.0,2,0,3,4,0,3,2,3,1,5,1,1,1,21072.0
0,36.0,1,1,15.0,3,1,2,4,1,4,1,3,1,4,1,0,2,23847.0
0,44.0,0,1,34.0,2,0,3,4,3,5,1,2,0,4,1,1,3,29498.0
0,34.0,1,1,16.0,2,1,2,3,0,4,1,2,0,2,1,0,1,17008.0
0,37.0,0,3,10.0,3,1,3,5,3,3,1,6,0,1,0,1,3,28377.0
1,19.0,1,1,10.0,3,1,3,4,0,3,2,3,0,4,1,1,1,20098.0
0,46.0,1,3,16.0,3,0,3,4,3,3,1,3,1,1,0,0,3,24071.0
0,42.0,1,1,13.0,3,1,4,5,1,4,3,8,1,3,1,3,2,24710.0
0,26.0,0,1,6.0,2,0,2,3,1,4,1,2,0,5,0,1,2,21397.0
0,29.0,1,1,7.0,2,1,4,5,0,3,1,3,0,4,0,2,1,20241.0
0,42.0,1,3,7.0,3,1,3,2,3,5,1,3,0,3,1,2,3,27070.0
0,46.0,0,1,13.0,3,0,1,3,1,3,0,3,0,5,0,0,2,20258.0
0,55.0,1,1,20.0,3,1,3,1,2,4,2,1,0,1,1,1,4,33722.0
0,36.0,1,1,23.0,2,1,4,4,3,3,1,6,1,1,0,1,3,26310.0
0,45.0,0,1,6.0,2,1,3,4,3,3,1,4,0,1,1,2,3,25748.0
1,34.0,1,3,16.0,3,0,4,4,1,5,3,2,1,3,0,1,2,26902.0
0,38.0,1,1,10.0,2,1,3,4,3,3,0,3,0,2,1,1,3,28112.0
0,54.0,1,1,28.0,3,0,3,3,4,3,1,4,0,1,1,1,0,32426.0
0,41.0,0,1,7.0,2,1,4,5,4,4,0,3,0,2,1,3,0,32181.0
0,43.0,0,1,15.0,2,1,2,3,0,3,2,5,0,3,0,1,1,17438.0
0,26.0,1,3,15.0,2,1,3,2,1,4,1,2,0,4,1,1,2,23529.0
0,35.0,1,1,7.0,2,0,4,2,0,3,3,4,0,1,1,2,1,21958.0
0,41.0,0,3,16.0,2,1,2,3,1,3,2,1,0,1,0,1,2,21230.0
0,49.0,1,1,26.0,3,0,3,3,1,5,1,2,0,1,1,0,2,21567.0
0,60.0,1,3,10.0,2,0,3,5,1,3,3,7,0,3,0,1,2,23849.0
0,39.0,1,3,9.0,3,0,4,6,1,3,1,4,1,3,0,1,2,24083.0
0,55.0,1,3,6.0,2,1,3,3,3,3,0,4,0,2,0,1,3,25239.0
0,37.0,1,2,20.0,2,1,3,4,0,4,1,6,0,3,1,2,1,20821.0
0,41.0,1,1,17.0,2,0,3,3,0,3,0,5,1,3,0,2,1,20891.0
0,44.0,1,3,32.0,3,1,4,5,3,3,1,7,0,4,1,2,3,29476.0
0,50.0,1,1,34.0,3,1,3,1,0,3,1,2,1,1,0,1,1,18221.0
0,46.0,1,1,36.0,3,1,3,4,0,3,3,7,0,1,1,1,1,22130.0
0,39.0,0,3,17.0,1,0,3,4,1,3,3,3,1,3,1,1,2,24344.0
1,56.0,1,1,13.0,1,1,3,3,0,3,1,1,0,4,1,2,1,17339.0
0,35.0,1,3,16.0,2,0,4,4,1,3,1,3,0,1,0,1,2,24392.0
0,35.0,0,1,9.0,2,1,3,5,1,3,0,3,0,4,0,1,2,28225.0
1,24.0,0,1,13.0,2,0,2,3,0,3,1,2,1,4,0,0,1,17886.0
0,38.0,1,1,26.0,2,1,4,4,0,4,0,6,0,4,1,2,1,21700.0
0,43.0,1,3,10.0,3,0,2,4,3,3,3,4,0,3,1,0,3,25231.0
0,31.0,1,3,13.0,2,1,2,4,3,3,1,1,0,3,1,0,3,26557.0
0,35.0,1,3,7.0,3,1,3,4,3,3,3,3,0,5,1,1,3,28566.0
0,36.0,0,3,15.0,3,0,4,5,3,3,0,6,1,5,1,3,3,29055.0
1,32.0,1,3,20.0,3,1,3,4,1,5,1,4,0,2,0,1,2,22911.0
0,45.0,1,3,8.0,1,1,2,5,1,3,3,1,0,5,1,1,2,21632.0
0,59.0,1,3,6.0,1,1,3,3,3,3,0,4,1,2,0,1,3,26904.0
0,29.0,1,3,25.0,2,1,3,4,1,3,1,2,0,4,1,0,2,23620.0
0,44.0,1,1,19.0,2,1,3,5,4,4,1,3,0,3,1,2,0,33014.0
0,36.0,1,3,14.0,2,0,3,4,1,3,1,3,1,4,1,2,2,23882.0
0,38.0,1,1,17.0,2,0,3,2,3,3,1,3,1,1,0,2,3,32422.0
0,53.0,1,1,13.0,2,1,2,2,4,3,0,4,0,2,0,0,0,29814.0
0,43.0,1,1,15.0,2,1,3,4,0,3,3,6,0,1,1,2,1,22646.0
0,34.0,0,1,6.0,3,1,3,4,1,5,2,1,0,2,1,2,2,20343.0
0,40.0,1,1,12.0,2,0,3,3,4,3,3,1,0,5,1,0,0,28237.0
0,28.0,0,1,15.0,2,1,3,6,0,3,0,3,0,2,1,2,1,23299.0
1,26.0,0,1,11.0,3,0,2,4,0,3,0,2,1,2,0,1,1,17366.0
0,52.0,1,3,21.0,2,0,3,4,1,3,0,6,0,3,0,2,2,23614.0
0,36.0,1,3,23.0,3,1,2,4,1,4,1,3,0,4,1,0,2,20507.0
1,29.0,1,3,6.0,3,0,2,4,0,3,1,7,1,2,0,1,1,17800.0
0,55.0,1,1,8.0,3,1,2,4,2,5,1,1,0,5,0,1,4,34038.0
0,46.0,1,1,16.0,2,1,3,4,1,4,1,2,0,4,1,1,2,21026.0
0,26.0,1,3,11.0,2,0,3,5,1,3,3,3,1,2,0,2,2,23165.0
0,43.0,0,1,16.0,2,0,2,3,0,3,2,1,0,5,0,0,1,17455.0
0,35.0,1,2,10.0,2,1,3,4,0,3,1,2,0,1,1,1,1,22415.0
1,40.0,1,3,28.0,3,1,3,4,1,3,1,3,1,3,1,0,2,21380.0
1,32.0,1,3,8.0,3,1,2,4,1,4,3,1,1,1,1,0,2,24907.0
0,53.0,1,3,14.0,3,1,3,3,4,3,0,6,0,3,0,2,0,26836.0
0,53.0,1,1,13.0,1,1,4,4,1,5,1,5,1,4,1,3,2,24255.0
0,39.0,1,1,9.0,2,1,3,4,0,3,3,7,1,1,0,1,1,22622.0
1,20.0,1,1,16.0,3,1,2,3,0,3,2,2,1,5,1,1,1,16009.0
0,38.0,1,1,17.0,2,1,3,4,1,4,3,4,1,5,0,2,2,22875.0
0,26.0,1,3,34.0,3,1,3,3,1,4,1,2,0,3,0,0,2,21272.0
1,37.0,1,1,8.0,0,1,3,4,0,3,2,7,1,3,0,0,1,17090.0
0,35.0,0,1,9.0,2,1,4,4,1,3,3,4,0,4,1,3,2,22711.0
0,54.0,1,3,15.0,3,1,4,4,4,3,0,7,0,3,0,3,0,30514.0
0,36.0,0,1,12.0,2,1,3,1,1,5,1,4,1,4,1,1,2,20562.0
0,29.0,1,3,16.0,3,0,2,4,1,4,1,2,1,5,0,1,2,23268.0
0,26.0,1,1,7.0,2,0,4,4,1,3,1,2,0,3,1,2,2,23576.0
0,35.0,0,1,7.0,2,1,4,4,0,5,1,7,0,1,1,3,1,21674.0
0,31.0,1,1,9.0,2,0,3,6,1,3,3,4,0,2,0,2,2,24769.0
0,53.0,1,1,8.0,3,1,2,1,4,4,2,5,0,1,1,0,0,31598.0
0,32.0,1,1,10.0,2,0,3,4,1,3,0,2,0,4,1,0,2,21162.0
0,51.0,0,3,7.0,2,0,4,4,1,3,0,2,0,2,1,2,2,25025.0
0,47.0,0,1,22.0,3,1,3,1,1,3,1,2,1,1,1,0,2,20067.0
1,45.0,1,3,8.0,3,0,3,5,2,4,2,3,1,5,0,2,4,33824.0
0,39.0,1,1,7.0,2,0,3,4,0,5,3,5,0,1,0,2,1,21297.0
0,35.0,0,1,10.0,2,1,3,5,0,3,0,5,0,2,1,1,1,21657.0
1,27.0,1,3,8.0,3,1,2,3,0,5,1,1,0,5,0,1,1,18041.0
0,38.0,1,1,7.0,2,0,3,5,1,3,0,3,0,2,1,2,2,25152.0
0,46.0,0,3,16.0,2,0,4,5,1,3,1,3,0,3,1,3,2,24271.0
0,37.0,1,3,24.0,3,1,3,5,1,4,1,4,0,4,1,1,2,24185.0
0,35.0,0,1,9.0,2,1,4,4,1,3,3,4,0,4,1,2,2,22711.0
1,36.0,1,1,22.0,2,0,2,1,0,5,2,2,0,2,1,0,1,17743.0
0,37.0,1,1,31.0,3,0,2,4,1,3,1,1,0,3,1,0,2,20731.0
1,20.0,1,2,9.0,1,1,3,5,0,3,2,3,0,3,1,2,1,21242.0
0,33.0,0,3,28.0,3,1,3,3,1,4,1,1,0,1,0,0,2,21146.0
0,25.0,1,3,24.0,2,1,3,1,1,3,0,3,0,1,0,0,2,21232.0
0,42.0,1,1,6.0,2,0,3,3,0,5,1,4,0,3,1,1,1,17576.0
1,40.0,0,1,9.0,2,1,3,4,4,3,1,2,0,3,1,1,0,30847.0
1,34.0,1,1,21.0,3,1,3,4,0,3,1,7,1,1,1,2,1,21114.0
0,38.0,1,1,13.0,3,1,3,3,1,5,1,6,1,3,1,2,2,24652.0
0,52.0,1,1,14.0,3,1,3,5,1,3,0,4,0,3,1,2,2,24810.0
0,58.0,0,1,6.0,2,1,2,5,1,3,1,3,1,1,1,1,2,20660.0
0,52.0,1,1,15.0,2,1,3,5,3,4,1,7,0,3,1,2,3,31168.0
0,34.0,1,1,25.0,3,1,3,3,0,3,1,1,0,3,0,0,1,17661.0
0,41.0,1,1,23.0,2,0,3,4,3,3,3,8,1,4,1,1,3,26623.0
0,45.0,1,1,8.0,2,0,3,4,0,3,2,2,0,3,1,0,1,17274.0
0,38.0,1,1,17.0,3,0,4,4,0,5,1,8,0,1,1,3,1,22130.0
1,34.0,1,1,9.0,2,0,3,4,0,5,1,2,0,3,1,2,1,21385.0
0,31.0,0,1,10.0,2,1,3,4,0,3,0,6,0,3,0,2,1,20775.0
1,30.0,1,3,34.0,3,0,3,4,3,3,0,3,0,3,1,2,3,26317.0
1,53.0,1,1,15.0,3,1,3,5,1,4,1,4,0,1,1,1,2,23619.0
1,58.0,1,1,29.0,3,0,3,3,3,3,1,2,0,3,1,0,3,25312.0
0,18.0,0,1,11.0,2,1,3,3,0,3,2,2,0,2,1,1,1,16051.0
1,37.0,1,3,6.0,2,1,2,4,3,3,1,6,0,1,1,1,3,25609.0
0,55.0,1,1,14.0,3,0,2,3,4,3,1,3,1,3,1,1,0,29756.0
0,46.0,0,3,16.0,2,0,4,5,1,3,0,3,0,3,0,1,2,24271.0
1,34.0,1,1,21.0,3,1,3,4,0,3,0,7,1,2,0,2,1,21114.0
0,60.0,1,3,22.0,3,1,2,3,1,5,2,1,0,4,1,0,2,20405.0
1,36.0,1,2,15.0,1,0,2,3,0,3,1,2,0,1,1,0,1,20410.0
1,33.0,1,1,20.0,3,1,2,3,0,3,1,6,1,1,1,1,1,17436.0
0,37.0,0,1,15.0,2,0,4,2,3,5,1,2,0,3,0,2,3,30391.0
0,49.0,1,1,28.0,2,0,3,3,4,4,1,4,0,4,0,1,0,31413.0
0,40.0,0,1,9.0,1,0,4,4,3,3,2,2,0,2,1,2,3,29616.0
0,43.0,0,3,21.0,2,1,2,4,1,3,0,4,0,5,0,1,2,21804.0
0,38.0,1,3,9.0,2,1,2,3,1,3,3,1,1,3,1,0,2,21861.0
0,38.0,0,2,6.0,2,1,2,3,0,4,1,1,1,1,1,1,1,17991.0
0,30.0,0,3,28.0,2,0,3,3,3,5,0,1,0,2,1,0,3,23412.0
1,26.0,1,3,12.0,3,1,3,5,1,3,3,3,1,3,0,2,2,24422.0
1,20.0,1,2,9.0,1,1,3,5,0,3,2,3,0,3,0,1,1,21242.0
0,50.0,1,1,35.0,2,1,2,4,4,3,0,1,0,5,1,1,0,32046.0
0,38.0,0,1,32.0,3,0,4,4,1,3,1,5,1,3,1,3,2,23127.0
0,34.0,0,1,14.0,2,1,3,4,1,3,1,3,0,5,1,2,2,24646.0
1,56.0,1,1,30.0,2,1,3,3,0,3,2,2,0,3,0,0,1,17587.0
0,30.0,0,3,7.0,3,0,3,4,3,3,1,3,0,3,1,2,3,26596.0
0,28.0,0,3,6.0,2,1,2,4,1,3,1,2,1,1,0,0,2,21834.0
0,35.0,1,1,6.0,2,0,2,1,0,3,2,4,0,3,1,1,1,17506.0
0,45.0,1,1,13.0,2,1,2,3,3,5,1,3,0,3,0,0,3,24724.0
0,45.0,0,2,7.0,2,1,3,4,1,3,1,6,1,5,1,2,2,24421.0
0,36.0,1,3,9.0,3,0,4,4,0,3,0,3,0,2,1,1,1,20692.0
0,35.0,1,3,11.0,2,1,4,4,3,3,1,4,1,4,0,3,3,28391.0
0,39.0,0,1,8.0,1,0,3,3,3,3,3,1,0,2,1,1,3,25938.0
1,30.0,1,1,7.0,1,1,3,4,0,3,2,2,0,1,0,1,1,20736.0
0,34.0,1,3,15.0,2,0,3,3,1,3,0,2,0,2,1,2,2,20714.0
0,30.0,0,3,28.0,2,0,3,3,3,5,1,1,0,1,1,1,3,23412.0
0,33.0,1,1,10.0,2,0,3,4,3,3,2,5,0,2,1,2,3,29837.0
0,21.0,1,1,9.0,3,1,3,4,0,3,2,2,0,5,1,1,1,18230.0
0,29.0,1,3,8.0,3,1,3,4,1,4,0,3,0,4,0,1,2,21644.0
0,25.0,0,3,31.0,3,1,3,4,0,3,0,2,0,4,0,2,1,21078.0
1,32.0,1,1,31.0,2,1,2,3,0,3,2,2,1,5,0,0,1,17795.0
0,39.0,0,1,9.0,2,1,3,4,0,3,0,3,1,5,1,2,1,20380.0
0,57.0,0,3,13.0,2,0,3,3,4,5,0,2,0,3,1,1,0,31890.0
0,33.0,0,3,22.0,2,0,2,3,1,3,1,2,1,1,0,0,2,20368.0
0,44.0,1,1,15.0,2,1,3,3,0,5,0,2,1,3,1,0,1,17559.0
0,47.0,1,2,7.0,2,0,3,4,0,5,3,8,0,5,1,1,1,22101.0
1,57.0,1,1,14.0,1,1,4,4,0,3,1,2,0,4,1,3,1,21017.0
0,29.0,0,3,14.0,2,1,3,4,1,5,3,2,0,3,1,2,2,23576.0
0,30.0,0,1,29.0,2,1,3,5,0,3,1,2,0,3,0,0,1,17613.0
1,26.0,1,3,10.0,3,1,2,4,1,3,2,2,1,1,1,0,2,20828.0
0,60.0,1,3,22.0,3,1,2,3,1,5,2,1,0,4,1,1,2,20405.0
0,53.0,1,3,8.0,3,1,2,3,4,3,1,7,0,3,1,0,0,29852.0
1,51.0,0,3,19.0,2,1,3,4,1,3,2,5,1,3,1,2,2,35558.0
0,37.0,0,1,8.0,2,1,3,4,1,3,1,6,0,1,1,2,2,20163.0
0,43.0,1,3,8.0,3,1,3,3,1,3,1,2,1,3,0,0,2,22847.0
0,36.0,0,1,25.0,2,1,4,4,1,3,1,3,1,3,1,1,2,24367.0
0,25.0,1,1,6.0,1,1,2,3,0,3,0,5,0,5,1,1,1,18229.0
0,37.0,1,1,19.0,2,0,4,4,1,3,1,2,1,1,0,3,2,23341.0
0,41.0,1,1,17.0,2,0,3,2,0,3,1,5,1,3,0,2,1,20891.0
1,38.0,0,1,17.0,3,1,4,4,3,3,1,8,0,3,0,3,3,28726.0
1,49.0,1,1,7.0,2,1,4,5,3,3,3,2,1,5,0,3,3,24059.0
1,43.0,0,1,26.0,3,1,3,3,0,3,1,8,1,3,1,2,1,21437.0
0,54.0,1,3,15.0,3,1,4,4,4,3,1,7,0,3,1,1,0,30514.0
0,22.0,1,1,14.0,2,1,3,5,0,5,1,2,0,1,0,1,1,17451.0
0,31.0,1,2,7.0,2,1,3,4,0,3,1,2,0,1,0,2,1,20742.0
0,44.0,1,2,9.0,2,1,4,4,0,3,3,2,0,1,0,1,1,22217.0
0,52.0,1,1,7.0,2,1,4,4,0,3,0,3,0,4,1,1,1,21401.0
0,44.0,0,1,11.0,2,1,2,4,0,3,2,4,0,1,0,1,1,18162.0
0,54.0,1,1,11.0,3,1,2,3,2,5,0,5,0,4,1,0,4,34406.0
0,33.0,0,3,28.0,3,1,3,3,1,4,0,1,0,2,0,1,2,21146.0
0,28.0,1,1,9.0,3,0,3,3,3,4,1,1,0,4,0,0,3,22655.0
1,41.0,1,1,8.0,2,0,2,5,0,3,1,5,1,3,0,1,1,17778.0
1,33.0,1,3,22.0,3,0,3,3,1,5,2,6,0,3,1,0,2,20324.0
0,31.0,1,3,13.0,1,1,3,2,1,3,0,5,0,2,1,0,2,21929.0
0,45.0,1,1,12.0,2,1,2,3,3,5,1,5,1,3,1,1,3,28245.0
0,38.0,1,3,16.0,3,1,3,4,3,3,1,1,1,3,1,1,3,23740.0
1,45.0,0,1,31.0,2,1,3,4,0,3,1,5,1,5,0,2,1,21839.0
1,48.0,0,3,13.0,3,0,3,3,0,3,1,3,1,4,1,1,1,17655.0
1,34.0,0,3,12.0,3,0,2,5,0,3,1,1,0,4,0,1,1,17351.0
1,30.0,1,1,7.0,1,1,4,5,0,5,2,8,0,3,0,3,1,21040.0
0,40.0,0,3,28.0,2,0,3,6,1,3,1,8,0,5,0,1,2,24414.0
0,43.0,0,1,6.0,2,0,2,3,1,3,0,5,0,2,1,1,2,20562.0
0,45.0,1,1,16.0,2,1,3,3,0,3,0,4,0,5,1,0,1,17654.0
0,37.0,1,3,23.0,3,0,4,5,1,5,0,6,0,5,1,1,2,24325.0
0,51.0,1,1,24.0,2,0,3,5,3,5,1,7,0,3,1,1,3,31947.0
1,38.0,1,1,17.0,3,1,3,4,1,5,3,3,0,4,0,1,2,22891.0
0,28.0,1,1,21.0,2,1,2,3,0,3,1,2,0,4,1,1,1,17207.0
1,30.0,0,3,20.0,1,0,3,4,1,4,3,7,0,3,0,2,2,24443.0
0,36.0,1,1,30.0,3,0,2,4,0,5,1,5,1,4,0,1,1,22692.0
0,25.0,1,2,8.0,2,0,2,3,0,4,1,5,0,4,0,0,1,17187.0
0,53.0,1,1,9.0,2,0,3,5,0,3,3,2,0,3,0,1,1,21890.0
0,29.0,1,1,15.0,2,0,4,4,0,3,3,3,0,4,0,2,1,21988.0
1,34.0,1,3,32.0,3,1,3,5,3,4,3,4,1,5,1,1,3,27058.0
0,60.0,1,1,6.0,3,1,3,5,3,3,1,4,0,5,0,0,3,25883.0
1,41.0,0,3,10.0,3,1,2,3,1,4,3,2,0,3,1,0,2,24355.0
0,40.0,1,3,31.0,3,0,3,5,4,3,1,2,0,1,1,2,0,30709.0
1,48.0,0,1,36.0,2,1,3,4,3,4,1,3,1,3,1,1,3,30527.0
1,36.0,1,1,22.0,2,0,2,1,0,5,2,2,0,1,1,0,1,17743.0
0,57.0,1,3,18.0,3,0,3,5,1,5,1,6,0,5,0,2,2,24058.0
0,60.0,0,3,7.0,2,0,3,5,1,3,3,2,0,5,1,2,2,24151.0
0,37.0,1,3,9.0,3,1,4,5,3,3,1,3,0,1,1,2,3,26274.0
0,47.0,1,3,10.0,1,0,3,2,4,5,1,4,0,3,1,1,0,31903.0
0,41.0,1,1,26.0,3,1,3,4,1,3,0,2,1,2,1,2,2,21419.0
0,26.0,1,1,14.0,3,1,4,5,0,3,0,3,0,2,1,3,1,21567.0
0,36.0,1,1,18.0,3,0,2,4,3,3,3,1,0,2,1,0,3,23858.0
0,36.0,1,3,24.0,2,1,4,4,1,5,0,5,1,3,1,2,2,27644.0
0,38.0,0,1,12.0,3,0,3,5,1,3,1,1,1,1,0,2,2,20329.0
0,41.0,1,3,9.0,3,0,3,4,1,4,1,2,0,1,0,1,2,24393.0
0,40.0,1,3,8.0,2,0,3,3,2,3,0,1,0,3,0,0,4,33041.0
0,26.0,1,3,25.0,2,1,4,2,1,3,0,4,0,1,0,1,2,24910.0
0,56.0,0,1,25.0,3,1,4,4,1,4,1,5,1,5,1,2,2,25063.0
1,26.0,0,1,11.0,3,0,2,4,0,3,1,2,1,1,0,1,1,17366.0
0,40.0,0,1,29.0,3,0,3,4,3,5,2,3,1,5,1,2,3,29558.0
0,42.0,0,2,11.0,2,1,3,6,1,4,1,8,0,5,0,2,2,25108.0
0,49.0,1,1,26.0,3,0,3,3,1,5,0,2,0,2,1,2,2,21567.0
0,34.0,1,1,14.0,2,0,2,3,1,5,1,4,0,5,1,1,2,20121.0
0,41.0,1,1,27.0,1,1,4,4,3,3,0,6,0,3,1,2,3,29000.0
0,41.0,0,2,10.0,2,1,2,5,1,4,1,7,0,5,0,1,2,21430.0
0,41.0,1,1,9.0,3,0,3,2,1,3,1,7,0,3,1,1,2,25055.0
0,40.0,0,1,15.0,3,0,2,3,3,3,3,1,0,4,0,0,3,28499.0
1,36.0,1,1,9.0,2,0,4,4,0,5,1,3,1,1,1,2,1,20752.0
0,28.0,1,3,16.0,3,1,3,3,0,4,0,2,0,5,1,1,1,16052.0
0,42.0,1,3,6.0,2,1,1,3,1,3,1,2,0,3,1,0,2,19907.0
0,52.0,1,3,9.0,3,1,2,4,4,5,0,2,0,5,1,0,0,31856.0
0,43.0,0,1,15.0,3,1,3,3,1,3,1,4,1,3,1,0,2,20679.0
1,27.0,1,1,32.0,2,1,3,6,0,3,2,3,0,1,0,1,1,20971.0
1,33.0,0,1,23.0,2,0,4,6,0,5,3,3,1,4,1,3,1,22597.0
0,32.0,1,1,9.0,2,1,3,4,0,3,1,2,1,4,1,2,1,21373.0
0,45.0,1,1,6.0,3,0,3,3,0,3,1,4,0,5,0,1,1,17270.0
0,37.0,1,1,9.0,2,0,3,4,1,4,3,2,1,3,1,1,2,24088.0
1,26.0,1,1,30.0,1,1,3,5,0,3,2,2,1,3,1,2,1,17340.0
1,23.0,1,1,15.0,3,0,4,4,0,5,1,3,1,3,0,2,1,21076.0
0,28.0,1,1,21.0,2,1,3,4,0,5,1,3,1,4,1,1,1,20913.0
0,38.0,1,1,14.0,3,1,2,4,3,3,2,6,0,2,0,1,3,32342.0
0,35.0,0,1,9.0,2,1,2,4,0,3,1,2,0,1,1,1,1,16281.0
0,37.0,0,1,25.0,2,1,4,4,1,3,3,4,0,3,0,2,2,26457.0
1,27.0,1,1,31.0,1,1,4,6,0,3,2,3,1,3,1,3,1,21018.0
0,31.0,1,1,25.0,2,0,4,4,0,3,3,3,0,1,1,3,1,21310.0
0,46.0,0,1,24.0,3,0,2,3,3,3,0,6,0,3,1,0,3,25527.0
0,30.0,1,3,16.0,3,1,3,4,1,3,0,2,0,2,1,0,2,21578.0
1,24.0,1,1,23.0,2,0,3,3,0,4,1,2,0,1,1,2,1,17210.0
0,34.0,1,1,9.0,2,0,3,3,1,4,1,2,0,5,1,2,2,20433.0
1,58.0,1,1,8.0,1,1,2,3,0,3,2,5,0,2,1,1,1,17479.0
0,35.0,1,1,7.0,2,1,3,4,0,3,0,3,0,3,1,1,1,21369.0
1,58.0,1,1,8.0,1,1,2,3,0,3,2,5,0,1,0,0,1,17479.0
0,35.0,1,1,15.0,2,0,3,4,3,3,1,2,1,4,1,2,3,25685.0
0,59.0,1,1,16.0,3,0,4,5,0,4,1,6,1,1,1,2,1,22024.0
0,25.0,1,1,31.0,3,1,3,4,0,4,3,2,0,5,1,1,1,22275.0
0,39.0,1,1,17.0,3,0,4,4,1,3,1,5,0,3,0,2,2,28502.0
0,40.0,1,1,8.0,3,1,3,3,0,3,1,3,0,1,0,0,1,17345.0
1,31.0,1,1,10.0,1,0,3,4,0,5,3,7,1,4,0,1,1,21335.0
0,39.0,1,1,13.0,2,0,3,5,0,3,1,3,0,3,0,2,1,22380.0
0,53.0,1,1,29.0,2,0,3,3,4,3,2,7,0,5,1,1,0,29275.0
0,37.0,1,1,11.0,3,1,3,3,1,3,1,1,0,3,0,0,2,21347.0
0,40.0,0,1,32.0,3,0,2,3,1,4,1,2,0,1,0,1,2,20605.0
0,54.0,1,1,15.0,2,0,3,3,1,3,1,4,0,5,0,1,2,17897.0
0,24.0,1,3,9.0,1,1,4,4,0,5,1,5,0,3,1,2,1,21000.0
0,28.0,1,1,13.0,2,1,3,5,0,3,0,3,0,2,1,2,1,21217.0
0,39.0,1,1,7.0,1,0,4,4,3,5,1,3,0,4,1,2,3,32260.0
0,24.0,1,1,11.0,3,0,3,4,0,4,3,3,0,3,1,2,1,21973.0
0,27.0,1,1,30.0,2,0,3,4,0,3,1,3,0,3,1,2,1,21564.0
0,52.0,1,1,8.0,2,0,2,4,0,3,2,1,0,3,1,0,1,18212.0
0,30.0,0,1,13.0,1,1,3,3,0,3,1,2,0,5,0,0,1,16274.0
0,33.0,1,1,11.0,2,1,2,4,3,3,1,5,0,3,1,1,3,22119.0
0,35.0,0,3,6.0,3,0,3,3,3,3,3,2,0,5,1,0,3,23789.0
0,49.0,0,1,14.0,2,1,3,4,1,4,0,2,0,3,1,2,2,20130.0
0,30.0,1,1,23.0,3,0,3,3,3,5,0,2,1,4,0,2,3,26916.0
1,24.0,1,1,13.0,2,1,4,2,0,5,0,3,1,3,1,3,1,20279.0
1,30.0,1,1,17.0,2,0,4,5,0,5,2,8,1,5,1,1,1,21082.0
0,51.0,0,1,12.0,3,0,2,4,0,3,2,1,0,5,1,1,1,17838.0
0,29.0,1,1,29.0,2,1,2,3,0,3,2,1,0,3,1,0,1,17201.0
0,33.0,0,3,33.0,3,1,4,4,1,3,1,2,0,4,1,2,2,23143.0
0,23.0,1,1,22.0,3,0,3,4,0,3,3,3,0,2,1,2,1,21549.0
0,30.0,1,3,18.0,1,0,2,3,1,3,3,1,0,2,1,0,2,21577.0
1,29.0,0,1,31.0,1,1,4,5,3,5,3,3,0,1,1,2,3,27400.0
1,59.0,1,1,14.0,3,0,3,5,3,5,0,2,1,4,1,1,3,28686.0
0,46.0,1,1,8.0,1,1,2,3,1,3,1,3,0,2,1,0,2,22379.0
0,50.0,1,1,7.0,2,1,3,4,4,3,2,6,0,3,1,1,0,34057.0
0,32.0,1,1,8.0,1,1,2,4,1,5,2,5,0,4,0,1,2,17176.0
0,32.0,1,1,14.0,3,0,3,4,1,5,0,3,0,2,1,1,2,22984.0
1,42.0,1,3,7.0,2,0,4,4,1,3,3,2,1,2,1,1,2,24671.0
0,33.0,1,2,9.0,2,1,2,3,0,4,1,4,1,5,0,1,1,17277.0
0,36.0,1,3,8.0,3,1,3,4,3,3,0,2,0,2,1,0,3,22596.0
0,31.0,1,1,17.0,2,1,2,3,0,3,0,4,1,3,1,1,1,17356.0
0,33.0,0,1,12.0,2,1,1,3,1,3,1,4,0,5,1,0,2,22725.0
0,40.0,1,3,16.0,1,0,2,4,1,4,1,1,0,5,1,0,2,21852.0
0,18.0,1,3,16.0,3,0,3,4,0,3,2,2,0,1,0,2,1,16200.0
0,41.0,1,1,15.0,2,1,3,3,0,5,1,3,0,1,0,0,1,17238.0
1,31.0,1,1,29.0,2,0,3,4,0,3,0,6,1,2,0,2,1,20810.0
0,43.0,1,1,14.0,3,0,4,2,1,4,0,8,1,1,0,1,2,21050.0
0,37.0,1,3,12.0,3,1,3,3,1,3,0,5,0,3,0,0,2,21502.0
1,40.0,1,1,13.0,3,1,4,4,0,5,1,2,1,1,1,2,1,21082.0
0,35.0,1,3,17.0,2,0,3,4,0,3,0,3,1,2,0,2,1,20898.0
0,51.0,0,1,6.0,3,0,1,4,3,5,3,4,0,1,1,0,3,22484.0
0,38.0,1,1,17.0,2,1,4,3,0,3,3,5,0,4,1,2,1,23358.0
0,31.0,1,1,6.0,3,1,2,3,0,4,2,2,0,3,0,0,1,17501.0
0,40.0,1,3,16.0,1,0,2,4,1,4,1,1,0,5,1,1,2,21852.0
1,30.0,0,3,18.0,2,1,3,4,0,5,0,2,0,5,1,0,1,17033.0
0,38.0,1,1,31.0,2,0,2,4,3,4,0,4,0,3,1,0,3,27061.0
0,48.0,1,3,21.0,3,1,3,4,1,5,3,4,0,1,1,2,2,23638.0
0,28.0,0,1,7.0,1,1,3,5,1,5,1,7,0,3,1,1,2,22976.0
0,43.0,1,3,11.0,3,1,3,4,1,5,3,2,0,5,1,1,2,23833.0
0,28.0,1,1,15.0,3,1,3,3,0,3,1,2,0,1,1,0,1,17070.0
0,36.0,1,1,17.0,3,0,3,4,1,3,3,5,1,1,1,1,2,24820.0
0,32.0,1,1,19.0,3,0,3,4,1,3,0,2,1,4,0,2,2,24533.0
0,34.0,0,3,32.0,3,0,3,4,1,3,0,3,0,3,0,2,2,23217.0
0,41.0,0,1,8.0,2,0,3,4,1,3,3,3,1,1,0,0,2,21811.0
0,45.0,0,1,30.0,3,1,4,4,1,4,0,6,0,3,1,1,2,20720.0
0,36.0,0,1,11.0,2,1,3,4,1,3,3,3,1,1,1,2,2,22927.0
1,51.0,1,3,10.0,3,1,3,5,0,3,1,3,1,4,1,2,1,21361.0
0,32.0,1,3,13.0,2,1,3,4,1,3,0,2,0,3,1,2,2,20484.0
0,37.0,0,3,6.0,3,1,2,5,1,3,1,2,0,1,0,1,2,24525.0
0,37.0,1,1,16.0,3,1,3,5,1,4,1,4,1,4,1,1,2,27525.0
0,27.0,1,1,11.0,1,1,2,4,3,3,1,2,1,3,1,1,3,27808.0
0,35.0,1,1,33.0,2,1,2,3,1,3,1,3,0,5,0,1,2,21883.0
0,49.0,1,3,14.0,3,1,4,4,1,5,1,6,0,4,1,2,2,24164.0
0,46.0,0,1,11.0,2,1,3,4,1,4,1,3,0,4,1,1,2,23125.0
0,33.0,0,3,12.0,2,1,3,4,1,4,1,3,0,3,1,2,2,25202.0
0,32.0,1,1,12.0,1,1,3,4,0,3,1,2,1,4,1,1,1,23499.0
0,32.0,1,1,16.0,2,1,3,4,3,4,1,3,0,3,0,1,3,29326.0
1,45.0,0,1,31.0,2,1,3,4,0,3,1,5,1,5,0,2,1,21839.0
0,50.0,0,3,6.0,2,0,3,3,1,3,0,1,0,2,1,1,2,21347.0
0,43.0,1,1,9.0,3,0,3,5,0,5,1,2,1,4,1,1,1,21271.0
0,43.0,1,1,7.0,2,0,4,4,0,5,1,5,0,3,0,3,1,21254.0
0,48.0,1,1,7.0,1,1,4,4,0,3,0,2,0,3,1,1,1,22098.0
0,22.0,1,1,8.0,1,1,3,3,0,3,0,1,0,5,1,2,1,17523.0
0,34.0,0,1,10.0,2,0,3,4,0,3,1,3,1,1,1,2,1,21587.0
0,31.0,0,1,10.0,3,0,4,4,0,3,1,3,0,3,1,2,1,20761.0
1,47.0,1,3,22.0,3,1,3,6,1,3,1,8,1,1,0,2,2,22101.0
0,37.0,1,1,16.0,2,0,2,3,0,5,1,1,1,3,1,1,1,17782.0
0,39.0,1,2,9.0,2,0,2,1,1,4,1,1,0,1,0,0,2,21389.0
0,29.0,1,3,16.0,3,1,2,3,0,4,1,2,0,1,1,0,1,17297.0
0,36.0,1,3,25.0,3,1,4,4,1,5,1,2,0,3,0,1,2,20822.0
0,31.0,0,3,13.0,3,0,3,3,3,5,1,3,0,1,1,2,3,24637.0
0,51.0,1,1,7.0,3,1,3,5,0,3,0,4,0,3,0,1,1,22368.0
0,46.0,0,3,13.0,3,0,3,5,3,3,3,8,0,4,1,1,3,27543.0
0,25.0,1,1,16.0,3,1,4,2,0,3,1,3,0,1,0,1,1,23079.0
0,32.0,1,1,19.0,3,0,3,4,1,3,1,2,1,4,1,1,2,24533.0
1,51.0,1,1,10.0,2,1,2,3,0,3,1,1,1,1,0,0,1,17461.0
1,38.0,1,1,9.0,0,1,4,5,0,3,2,8,1,3,0,1,1,20768.0
1,23.0,1,3,13.0,2,1,2,3,0,3,1,2,1,1,1,0,1,17275.0
0,32.0,1,3,9.0,2,1,3,4,0,3,1,2,0,4,1,1,1,21745.0
0,41.0,0,1,15.0,3,1,3,5,3,4,1,4,0,1,1,2,3,32435.0
0,33.0,1,3,26.0,2,1,4,6,3,3,1,5,0,3,1,3,3,28288.0
0,43.0,1,1,9.0,3,1,4,5,0,4,1,6,0,1,1,3,1,23519.0
0,38.0,1,3,10.0,2,1,3,4,3,3,3,4,0,3,0,1,3,26106.0
0,44.0,1,1,15.0,2,0,4,4,1,3,1,6,1,2,0,1,2,23200.0
0,39.0,1,3,14.0,3,0,3,5,1,3,3,2,0,2,1,2,2,22706.0
0,23.0,1,1,26.0,2,1,3,3,1,3,2,1,0,4,1,2,2,17272.0
0,37.0,1,1,6.0,2,1,2,4,1,3,1,2,0,5,1,1,2,20993.0
0,54.0,1,1,13.0,3,0,3,3,1,3,1,5,0,3,1,1,2,21854.0
0,38.0,1,1,11.0,2,1,3,4,0,3,0,2,1,5,1,2,1,21674.0
1,23.0,1,1,12.0,2,1,3,1,0,5,1,2,1,3,0,0,1,16601.0
0,31.0,1,3,8.0,2,1,3,3,1,3,3,5,1,5,1,1,2,21582.0
0,35.0,1,1,11.0,1,1,3,3,3,4,3,1,0,3,0,0,3,23095.0
0,54.0,1,1,20.0,3,0,3,3,1,5,1,3,0,2,1,2,2,23128.0
1,29.0,1,1,13.0,1,0,2,3,0,3,1,4,1,4,1,1,1,18339.0
0,35.0,1,1,15.0,3,0,4,4,1,3,3,5,0,4,0,2,2,24820.0
0,27.0,0,3,14.0,2,1,2,3,3,3,3,2,0,2,1,0,3,23726.0
1,38.0,1,1,35.0,3,1,3,3,1,5,0,1,1,3,0,1,2,21673.0
0,32.0,0,1,6.0,2,1,3,3,0,3,1,1,0,5,0,0,1,17314.0
0,36.0,1,1,11.0,2,1,3,3,1,4,2,1,0,1,1,1,2,20914.0
0,28.0,1,1,11.0,2,1,4,4,0,3,1,3,0,4,1,2,1,21195.0
0,44.0,0,1,14.0,3,1,3,2,0,3,1,6,0,4,1,1,1,20767.0
0,22.0,1,3,29.0,1,1,3,4,0,3,3,3,0,1,0,1,1,22125.0
0,40.0,1,2,10.0,2,0,3,2,1,4,1,2,0,1,0,1,2,25067.0
1,35.0,1,1,13.0,3,1,3,4,0,5,3,4,0,2,1,2,1,21638.0
0,35.0,1,1,34.0,3,0,4,4,0,4,2,4,0,3,0,1,1,20989.0
0,37.0,0,3,27.0,3,0,2,3,0,3,0,6,0,2,1,1,1,17973.0
0,36.0,1,3,7.0,3,1,3,4,1,3,1,2,0,3,0,2,2,23395.0
0,42.0,1,3,11.0,3,1,2,3,2,3,1,7,0,4,0,1,4,33303.0
0,38.0,0,1,12.0,2,1,3,4,1,3,1,3,0,4,1,1,2,20321.0
0,33.0,1,3,7.0,3,1,4,5,0,4,1,2,0,1,0,3,1,20947.0
1,51.0,0,1,14.0,2,1,2,5,3,3,3,3,0,1,1,0,3,25650.0
0,40.0,1,3,8.0,3,0,3,3,1,4,1,4,0,3,1,1,2,20677.0
0,41.0,1,3,9.0,2,1,2,4,1,4,1,3,0,3,0,1,2,23938.0
1,29.0,1,1,14.0,2,1,4,4,0,5,3,5,1,3,0,3,1,25352.0
1,20.0,1,3,8.0,3,0,2,4,0,3,2,2,0,4,0,1,1,17044.0
1,35.0,0,3,13.0,3,0,3,6,0,3,1,2,0,4,1,2,1,21029.0
1,44.0,0,1,6.0,3,1,2,3,0,4,1,2,1,3,1,1,1,17342.0
0,39.0,1,3,10.0,2,1,3,4,1,3,3,2,1,3,1,2,2,25539.0
1,30.0,1,1,25.0,3,1,3,5,0,3,2,3,1,3,0,1,1,21067.0
0,34.0,1,1,8.0,2,1,2,4,1,5,0,7,0,4,0,1,2,20957.0
0,59.0,1,1,16.0,3,0,4,5,0,4,0,6,1,2,1,1,1,22024.0
0,46.0,0,1,7.0,2,1,4,5,3,3,1,5,0,1,1,3,3,29426.0
0,41.0,0,1,23.0,3,1,3,5,1,3,3,8,0,5,1,2,2,23772.0
0,34.0,1,1,11.0,3,0,2,4,3,5,3,3,0,1,1,1,3,26631.0
0,33.0,0,1,6.0,2,0,2,1,1,4,0,2,1,3,0,1,2,20488.0
0,36.0,1,1,29.0,2,1,3,6,0,3,3,2,0,4,1,1,1,22908.0
0,46.0,1,1,32.0,2,0,4,5,1,3,1,2,0,4,0,1,2,24584.0
0,35.0,1,1,12.0,3,1,3,5,1,3,1,3,0,4,1,2,2,22664.0
0,38.0,1,1,7.0,2,0,3,4,0,3,2,3,0,2,1,2,1,20793.0
0,39.0,1,1,32.0,2,0,3,5,3,4,1,5,0,3,0,2,3,30739.0
0,41.0,1,3,17.0,1,0,3,5,1,4,1,2,0,5,1,2,2,25530.0
0,55.0,1,1,14.0,3,0,2,3,4,3,1,3,1,3,0,1,0,29756.0
0,35.0,1,3,9.0,3,0,3,4,1,5,3,2,1,3,1,1,2,23216.0
0,40.0,0,1,15.0,2,0,3,4,0,3,1,3,0,1,1,2,1,22433.0
0,36.0,1,1,11.0,2,0,2,3,3,5,1,5,0,4,1,1,3,23008.0
0,59.0,1,1,30.0,2,1,3,4,0,3,1,3,0,3,1,2,1,21050.0
0,30.0,1,1,20.0,2,1,3,5,1,4,1,6,1,4,1,1,2,22703.0
0,45.0,1,1,11.0,3,1,3,4,1,4,3,2,0,2,1,1,2,24611.0
1,39.0,1,3,9.0,3,0,2,3,1,3,0,5,1,4,1,1,2,20238.0
1,35.0,0,1,31.0,2,0,3,3,0,4,1,2,1,3,1,1,1,17022.0
0,39.0,1,1,9.0,3,1,3,4,1,3,1,1,0,4,0,2,2,18069.0
0,47.0,0,3,10.0,3,1,2,3,1,3,2,4,0,4,0,1,2,17976.0
0,35.0,0,1,24.0,2,1,2,3,3,3,3,3,0,3,0,0,3,24362.0
0,38.0,1,1,8.0,2,1,2,3,1,3,1,1,0,1,1,1,2,21553.0
1,34.0,0,1,23.0,1,1,2,4,0,3,1,1,1,5,1,1,1,23500.0
0,46.0,0,3,11.0,3,1,3,3,1,3,2,5,1,5,1,1,2,20772.0
0,53.0,1,3,13.0,3,0,3,4,3,3,0,1,1,2,0,0,3,25934.0
0,51.0,1,3,27.0,3,1,3,3,1,3,2,1,1,5,1,1,2,20441.0
0,19.0,0,1,7.0,2,0,4,4,0,3,2,3,0,5,1,2,1,20289.0
0,34.0,1,1,12.0,2,0,4,5,0,3,1,3,0,1,0,1,1,21589.0
0,42.0,1,3,11.0,3,0,3,4,3,3,1,2,1,1,0,2,3,29125.0
0,35.0,1,1,13.0,2,1,2,3,3,3,3,4,0,3,0,1,3,25221.0
0,36.0,1,1,12.0,2,1,2,3,0,3,0,1,0,5,1,1,1,18210.0
0,49.0,1,3,14.0,1,1,2,4,4,4,0,7,0,4,1,0,0,28120.0
0,23.0,1,1,32.0,2,1,2,3,0,3,1,2,0,2,1,1,1,17904.0
0,35.0,1,3,10.0,2,1,3,6,1,5,3,5,0,5,1,2,2,23437.0
0,30.0,0,1,9.0,3,0,3,3,0,3,1,2,0,3,1,1,1,17083.0
0,58.0,1,1,31.0,2,1,3,2,3,3,1,5,1,4,1,1,3,28117.0
0,31.0,1,3,14.0,3,1,3,4,0,4,3,2,0,1,0,1,1,21661.0
0,29.0,1,1,23.0,3,1,4,2,1,5,3,2,0,5,0,2,2,24339.0
0,56.0,0,1,15.0,3,1,3,5,4,4,1,3,1,3,1,2,0,32255.0
0,54.0,1,1,30.0,2,0,4,4,4,3,2,8,0,5,1,2,0,32953.0
0,49.0,1,3,9.0,3,0,3,4,1,3,1,4,0,5,1,1,2,22729.0
0,46.0,1,3,11.0,2,0,2,4,1,5,1,6,1,4,0,1,2,23684.0
0,38.0,1,3,8.0,3,1,2,3,3,4,3,1,0,4,1,1,3,22351.0
1,24.0,0,1,15.0,3,1,2,3,0,5,2,3,1,3,0,1,1,18172.0
0,57.0,1,1,30.0,2,1,4,4,4,4,0,6,1,4,1,3,0,32080.0
0,40.0,1,1,8.0,3,1,2,3,2,3,1,1,0,5,1,0,4,34436.0
0,60.0,1,1,10.0,3,0,3,3,0,5,0,6,1,2,1,2,1,21348.0
0,31.0,1,3,8.0,2,1,3,3,1,3,3,5,1,5,1,1,2,21582.0
1,29.0,1,1,9.0,3,1,3,4,0,3,3,8,0,3,1,2,1,23060.0
0,31.0,1,1,13.0,3,0,2,3,3,3,3,2,1,4,1,1,3,22143.0
0,28.0,0,1,10.0,3,1,3,4,0,3,1,3,0,1,0,1,1,20384.0
0,32.0,0,1,30.0,2,1,3,3,1,3,0,2,0,4,1,0,2,20309.0
0,41.0,1,2,16.0,2,1,3,4,2,3,1,4,0,1,1,1,4,34141.0
0,36.0,0,3,6.0,3,0,2,3,1,3,3,5,0,1,1,1,2,21653.0
0,35.0,1,1,9.0,3,0,3,5,0,5,3,3,0,2,1,2,1,23059.0
0,32.0,1,1,18.0,2,1,3,4,0,3,0,5,1,3,1,2,1,21034.0
0,33.0,0,1,9.0,2,0,3,4,1,3,3,6,1,5,1,1,2,23676.0
0,45.0,1,1,6.0,1,1,3,3,3,4,1,2,0,3,1,1,3,22441.0
0,34.0,1,1,20.0,2,0,3,4,0,3,3,5,0,3,1,1,1,22130.0
0,37.0,1,1,17.0,1,0,4,4,3,3,0,5,0,3,0,3,3,25772.0
0,36.0,0,3,14.0,2,1,3,4,3,5,3,2,0,1,0,0,3,22587.0
0,48.0,0,3,9.0,3,1,3,4,1,4,1,2,0,1,0,2,2,23656.0
0,52.0,1,3,28.0,3,1,4,4,1,3,3,2,1,5,1,2,2,24119.0
0,43.0,0,1,28.0,3,0,3,4,1,3,1,4,0,1,0,1,2,23943.0
1,30.0,0,3,18.0,2,1,3,4,0,5,1,2,0,5,1,2,1,17033.0
1,21.0,1,1,18.0,3,0,4,5,0,5,3,3,1,3,1,3,1,21278.0
0,45.0,0,3,15.0,2,0,3,4,1,3,0,2,0,3,0,0,2,20593.0
0,47.0,0,3,10.0,3,1,3,3,1,3,2,4,0,4,0,2,2,17976.0
1,40.0,1,3,12.0,1,1,3,4,1,3,0,5,0,2,0,2,2,20764.0
0,54.0,1,3,9.0,3,1,3,4,4,3,1,8,0,3,1,1,0,33530.0
0,41.0,0,1,9.0,3,0,3,2,1,4,0,3,0,3,0,2,2,22922.0
0,36.0,1,1,6.0,1,0,3,5,3,5,1,3,1,2,1,2,3,25252.0
0,34.0,1,1,7.0,2,0,3,5,1,3,3,2,0,4,1,2,2,25627.0
0,38.0,1,2,15.0,2,1,3,4,1,4,1,4,0,3,1,2,2,22749.0
0,33.0,0,1,7.0,2,0,4,5,0,4,1,8,0,3,0,3,1,21010.0
0,28.0,1,1,9.0,2,0,3,4,1,3,0,2,0,5,0,2,2,22905.0
0,38.0,1,1,31.0,2,0,2,4,3,4,1,4,0,3,0,1,3,27061.0
0,30.0,1,1,15.0,3,1,2,4,0,3,2,2,0,4,0,1,1,17206.0
0,51.0,1,1,14.0,2,1,2,4,3,4,1,6,0,3,1,1,3,27490.0
0,44.0,1,1,15.0,2,0,3,4,1,4,1,6,0,3,1,1,2,23443.0
0,39.0,0,1,9.0,3,0,4,5,0,4,1,6,0,3,0,1,1,21146.0
